name,id,date,date_only
Drago,RE2002AUT-A-RE1-200,2016-05-27 10:27:19,2016-05-27
Drago,RE1999BEL-A-RE1-200,2016-09-09 12:26:45,2016-09-09
Drago,RE2008BEL-A-RE2-200,2016-05-27 10:26:49,2016-05-27
Drago,RE2008CYP-A-RE1-200,2017-12-08 12:00:58,2017-12-08
Drago,RE1999FIN-A-RE1-200,2016-10-17 15:05:20,2016-10-17
Drago,RE2007FIN-A-RE2-200,2024-02-05 11:21:44,2024-02-05
Drago,RE1999FRA-A-RE1-200,2016-09-09 12:26:01,2016-09-09
Drago,RE1999DEU-A-RE1-200,2016-05-27 10:27:02,2016-05-27
Drago,RE2002GRC-A-RE1-200,2016-09-09 12:25:03,2016-09-09
Drago,RE2002IRL-A-RE1-200,2016-06-16 17:52:10,2016-06-16
Drago,RE1999ITA-A-RE1-200,2016-05-27 10:26:27,2016-05-27
Drago,RE2002LUX-A-RE1-200,2016-12-14 18:00:26,2016-12-14
Drago,RE2008MLT-A-RE1-200,2016-08-23 09:38:22,2016-08-23
Drago,RE1999NLD-A-RE1-200,2016-06-16 17:53:18,2016-06-16
Drago,RE2002PRT-A-RE1-200,2016-10-25 13:48:09,2016-10-25
Drago,RE2009SVK-A-RE1-200,2017-04-03 14:25:44,2017-04-03
Drago,RE2007SVN-A-RE1-200,2016-09-09 12:26:15,2016-09-09
Drago,RE1999ESP-A-RE1-200,2016-05-27 10:27:44,2016-05-27
Drago,RE2011EST-A-RE1-200,2020-01-07 08:16:20,2020-01-07
Drago,CC2004GRC-A-CC1-200,2016-09-09 12:24:35,2016-09-09
Drago,CC2004ITA-A-CC1-200,2019-05-15 09:20:01,2019-05-15
Drago,CC2006DEU-A-CC1-200,2016-09-09 12:25:23,2016-09-09
Drago,CC2006ITA-A-CC1-200,2016-05-17 08:21:27,2016-05-17
Drago,CC2007DEU-A-CC1-200,2016-10-25 13:48:39,2016-10-25
Drago,CC2007FRA-A-TOR-200,2019-09-10 08:56:55,2019-09-10
Drago,CC2007DEU-A-TOR-200,2016-10-17 15:05:54,2016-10-17
Drago,CC2007GRC-A-TOR-200,2017-07-11 14:58:08,2017-07-11
Drago,CC2008FRA-A-CC1-200,2016-06-09 09:34:08,2016-06-09
Drago,CC2008DEU-A-CC1-200,2017-04-03 14:26:11,2017-04-03
Drago,CC2009DEU-A-CC1-200,2017-04-03 14:26:43,2017-04-03
Drago,CC2009AUT-A-EMU-200,2024-02-05 11:19:28,2024-02-05
Drago,CC2009BEL-A-EMU-200,2019-05-25 21:00:27,2019-05-25
Drago,CC2009DEU-A-EMU-200,2016-09-14 18:56:21,2016-09-14
Drago,CC2010BEL-A-CC1-200,2016-09-09 12:25:42,2016-09-09
Drago,CC2010FRA-A-CC1-200,2016-05-17 08:21:59,2016-05-17
Drago,CC2010DEU-A-CC1-200,2019-05-15 09:20:36,2019-05-15
Drago,CC2012DEU-A-CC1-200,2016-05-17 08:20:43,2016-05-17
Drago,CC2012AUT-A-TYE-200,2016-06-09 09:33:37,2016-06-09
Drago,CC2012FRA-A-TYE-200,2024-02-05 11:18:52,2024-02-05
Drago,CC2012DEU-A-TYE-200,2016-05-17 08:20:10,2016-05-17
Drago,CC2012ITA-A-TYE-200,2018-03-16 11:53:35,2018-03-16
Drago,CC2013ITA-A-CC1-200,2020-01-07 08:16:51,2020-01-07
Drago,CC2013NLD-A-CC1-200,2018-09-25 09:58:30,2018-09-25
Drago,CC2013MCO-A-CC1-200,2016-05-17 08:19:32,2016-05-17
Drago,CC2013NLD-A-CC2-200,2017-12-11 10:48:26,2017-12-11
Drago,CC2014DEU-A-CC1-200,2017-04-03 14:26:26,2017-04-03
Drago,CC2015DEU-A-CC1-200,2016-05-17 08:20:55,2016-05-17
Drago,CC2015DEU-A-CC2-200,2016-10-17 15:06:23,2016-10-17
Drago,CC2015DEU-A-EUF-200,2019-05-15 09:21:44,2019-05-15
Drago,CC2016AUT-A-CC1-200,2024-02-05 11:23:12,2024-02-05
Drago,CC2016DEU-A-CC1-200,2018-04-27 10:12:20,2018-04-27
Drago,CC2017GRC-A-CC1-200,2022-01-06 14:56:34,2022-01-06
Drago,CC2018ITA-A-CC1-200,2024-02-05 11:22:42,2024-02-05
Drago,CC2018SVN-A-CC1-200,2019-05-23 13:58:50,2019-05-23
Jonko,RE2002AUT-A-RE1-001,2010-10-21 00:00:01,2010-10-21
Jonko,RE2002AUT-A-RE1-002,2010-10-21 00:00:01,2010-10-21
Jonko,RE2002AUT-A-RE1-005,2010-11-22 10:52:05,2010-11-22
Jonko,RE2002AUT-A-RE1-010,2010-10-21 00:00:01,2010-10-21
Jonko,RE2002AUT-A-RE1-020,2011-09-02 10:37:13,2011-09-02
Jonko,RE2002AUT-A-RE1-050,2010-10-29 10:09:03,2010-10-29
Jonko,RE2002AUT-A-RE1-100,2010-10-21 00:00:01,2010-10-21
Jonko,RE2002AUT-A-RE1-200,2010-10-25 00:06:08,2010-10-25
Jonko,RE1999BEL-A-RE1-001,2011-03-28 14:18:36,2011-03-28
Jonko,RE1999BEL-A-RE1-002,2011-03-28 14:18:25,2011-03-28
Jonko,RE1999BEL-A-RE1-005,2011-03-28 10:25:06,2011-03-28
Jonko,RE1999BEL-A-RE1-010,2011-03-28 14:23:58,2011-03-28
Jonko,RE1999BEL-A-RE1-020,2010-10-21 00:00:01,2010-10-21
Jonko,RE1999BEL-A-RE1-050,2010-12-20 10:49:49,2010-12-20
Jonko,RE1999BEL-A-RE1-100,2010-10-21 00:00:01,2010-10-21
Jonko,RE1999BEL-A-RE1-200,2010-10-25 23:50:14,2010-10-25
Jonko,RE2008BEL-A-RE2-001,2011-03-28 14:18:40,2011-03-28
Jonko,RE2008BEL-A-RE2-002,2011-04-18 17:40:40,2011-04-18
Jonko,RE2008BEL-A-RE2-005,2011-03-28 14:18:11,2011-03-28
Jonko,RE2008BEL-A-RE2-010,2011-03-28 14:19:39,2011-03-28
Jonko,RE2008BEL-A-RE2-020,2011-03-28 14:19:30,2011-03-28
Jonko,RE2008BEL-A-RE2-050,2011-03-28 14:19:13,2011-03-28
Jonko,RE2008BEL-A-RE2-100,2012-03-24 18:38:25,2012-03-24
Jonko,RE2008BEL-A-RE2-200,2011-01-19 21:16:32,2011-01-19
Jonko,RE2008CYP-A-RE1-001,2011-04-18 17:38:03,2011-04-18
Jonko,RE2008CYP-A-RE1-002,2011-04-18 17:38:07,2011-04-18
Jonko,RE2008CYP-A-RE1-005,2011-04-18 17:38:12,2011-04-18
Jonko,RE2008CYP-A-RE1-010,2011-04-18 17:39:01,2011-04-18
Jonko,RE2008CYP-A-RE1-020,2011-04-18 17:38:56,2011-04-18
Jonko,RE2008CYP-A-RE1-050,2011-04-18 17:38:52,2011-04-18
Jonko,RE2008CYP-A-RE1-100,2011-04-18 17:38:25,2011-04-18
Jonko,RE2008CYP-A-RE1-200,2011-01-19 21:16:53,2011-01-19
Jonko,RE1999FIN-A-RE1-005,2012-05-12 11:21:53,2012-05-12
Jonko,RE1999FIN-A-RE1-010,2013-01-04 10:32:47,2013-01-04
Jonko,RE1999FIN-A-RE1-020,2011-05-17 11:14:26,2011-05-17
Jonko,RE1999FIN-A-RE1-050,2012-06-18 10:43:04,2012-06-18
Jonko,RE1999FIN-A-RE1-100,2011-06-13 15:59:47,2011-06-13
Jonko,RE1999FIN-A-RE1-200,2011-06-25 13:51:55,2011-06-25
Jonko,RE2007FIN-A-RE2-001,2011-04-18 17:41:38,2011-04-18
Jonko,RE2007FIN-A-RE2-002,2011-04-18 17:41:43,2011-04-18
Jonko,RE2007FIN-A-RE2-005,2011-04-18 17:41:47,2011-04-18
Jonko,RE2007FIN-A-RE2-010,2011-04-18 17:41:52,2011-04-18
Jonko,RE2007FIN-A-RE2-020,2011-04-18 17:41:59,2011-04-18
Jonko,RE2007FIN-A-RE2-050,2011-04-18 17:42:03,2011-04-18
Jonko,RE2007FIN-A-RE2-100,2011-04-18 17:42:07,2011-04-18
Jonko,RE2007FIN-A-RE2-200,2011-04-18 17:42:11,2011-04-18
Jonko,RE1999FRA-A-RE1-001,2010-10-21 00:00:01,2010-10-21
Jonko,RE1999FRA-A-RE1-002,2010-10-21 00:00:01,2010-10-21
Jonko,RE1999FRA-A-RE1-005,2010-10-21 00:00:01,2010-10-21
Jonko,RE1999FRA-A-RE1-010,2010-10-21 00:00:01,2010-10-21
Jonko,RE1999FRA-A-RE1-020,2010-10-21 00:00:01,2010-10-21
Jonko,RE1999FRA-A-RE1-050,2010-10-25 23:49:36,2010-10-25
Jonko,RE1999FRA-A-RE1-100,2010-11-10 11:02:21,2010-11-10
Jonko,RE1999FRA-A-RE1-200,2010-10-21 00:00:01,2010-10-21
Jonko,RE1999DEU-A-RE1-001,2010-10-25 00:03:26,2010-10-25
Jonko,RE1999DEU-A-RE1-002,2010-11-01 11:13:11,2010-11-01
Jonko,RE1999DEU-A-RE1-005,2010-10-25 00:04:13,2010-10-25
Jonko,RE1999DEU-A-RE1-010,2010-10-21 00:00:01,2010-10-21
Jonko,RE1999DEU-A-RE1-020,2010-10-21 00:00:01,2010-10-21
Jonko,RE1999DEU-A-RE1-050,2010-10-21 00:00:01,2010-10-21
Jonko,RE1999DEU-A-RE1-100,2010-10-22 23:17:06,2010-10-22
Jonko,RE1999DEU-A-RE1-200,2010-10-21 00:00:01,2010-10-21
Jonko,RE2002GRC-A-RE1-001,2010-10-21 00:00:01,2010-10-21
Jonko,RE2002GRC-A-RE1-002,2010-10-25 09:49:21,2010-10-25
Jonko,RE2002GRC-A-RE1-005,2010-10-21 00:00:01,2010-10-21
Jonko,RE2002GRC-A-RE1-010,2010-10-21 00:00:01,2010-10-21
Jonko,RE2002GRC-A-RE1-020,2010-10-21 00:00:01,2010-10-21
Jonko,RE2002GRC-A-RE1-050,2010-10-21 00:00:01,2010-10-21
Jonko,RE2002GRC-A-RE1-100,2010-10-21 00:00:01,2010-10-21
Jonko,RE2002GRC-A-RE1-200,2010-11-22 11:11:03,2010-11-22
Jonko,RE2002IRL-A-RE1-001,2011-04-18 17:42:52,2011-04-18
Jonko,RE2002IRL-A-RE1-002,2011-04-18 17:42:58,2011-04-18
Jonko,RE2002IRL-A-RE1-005,2011-04-18 17:43:03,2011-04-18
Jonko,RE2002IRL-A-RE1-010,2011-04-18 17:43:09,2011-04-18
Jonko,RE2002IRL-A-RE1-020,2011-04-18 17:43:13,2011-04-18
Jonko,RE2002IRL-A-RE1-050,2010-10-30 21:28:16,2010-10-30
Jonko,RE2002IRL-A-RE1-100,2011-03-22 13:29:18,2011-03-22
Jonko,RE2002IRL-A-RE1-200,2011-03-28 14:20:32,2011-03-28
Jonko,RE1999ITA-A-RE1-001,2010-11-22 10:53:07,2010-11-22
Jonko,RE1999ITA-A-RE1-002,2010-10-21 00:00:01,2010-10-21
Jonko,RE1999ITA-A-RE1-005,2010-11-22 10:51:43,2010-11-22
Jonko,RE1999ITA-A-RE1-010,2010-10-21 00:00:01,2010-10-21
Jonko,RE1999ITA-A-RE1-020,2010-10-21 00:00:01,2010-10-21
Jonko,RE1999ITA-A-RE1-050,2010-10-21 00:00:01,2010-10-21
Jonko,RE1999ITA-A-RE1-100,2010-10-21 00:00:01,2010-10-21
Jonko,RE1999ITA-A-RE1-200,2010-10-21 00:00:01,2010-10-21
Jonko,RE2002LUX-A-RE1-001,2011-04-18 17:44:44,2011-04-18
Jonko,RE2002LUX-A-RE1-002,2011-04-18 17:44:39,2011-04-18
Jonko,RE2002LUX-A-RE1-005,2011-04-18 17:44:34,2011-04-18
Jonko,RE2002LUX-A-RE1-010,2010-11-10 11:03:11,2010-11-10
Jonko,RE2002LUX-A-RE1-020,2011-03-28 14:20:46,2011-03-28
Jonko,RE2002LUX-A-RE1-050,2011-04-18 17:44:27,2011-04-18
Jonko,RE2002LUX-A-RE1-100,2011-04-18 17:44:21,2011-04-18
Jonko,RE2002LUX-A-RE1-200,2011-04-18 17:44:16,2011-04-18
Jonko,RE2008MLT-A-RE1-001,2011-04-18 17:44:09,2011-04-18
Jonko,RE2008MLT-A-RE1-002,2011-04-18 17:44:04,2011-04-18
Jonko,RE2008MLT-A-RE1-005,2011-04-18 17:43:59,2011-04-18
Jonko,RE2008MLT-A-RE1-010,2011-04-18 17:43:53,2011-04-18
Jonko,RE2008MLT-A-RE1-020,2011-04-18 17:43:46,2011-04-18
Jonko,RE2008MLT-A-RE1-050,2011-04-18 17:43:40,2011-04-18
Jonko,RE2008MLT-A-RE1-100,2011-04-18 17:43:32,2011-04-18
Jonko,RE2008MLT-A-RE1-200,2011-03-03 00:20:55,2011-03-03
Jonko,RE2006MCO-A-RE2-200,2016-05-11 13:56:39,2016-05-11
Jonko,RE1999NLD-A-RE1-001,2010-10-21 00:00:01,2010-10-21
Jonko,RE1999NLD-A-RE1-002,2010-11-22 10:53:35,2010-11-22
Jonko,RE1999NLD-A-RE1-005,2010-10-30 21:34:41,2010-10-30
Jonko,RE1999NLD-A-RE1-010,2010-10-30 21:30:56,2010-10-30
Jonko,RE1999NLD-A-RE1-020,2010-10-21 00:00:01,2010-10-21
Jonko,RE1999NLD-A-RE1-050,2010-12-20 10:50:14,2010-12-20
Jonko,RE1999NLD-A-RE1-100,2011-03-07 10:52:06,2011-03-07
Jonko,RE1999NLD-A-RE1-200,2010-11-24 22:13:36,2010-11-24
Jonko,RE2002PRT-A-RE1-001,2011-04-18 17:45:39,2011-04-18
Jonko,RE2002PRT-A-RE1-002,2011-04-18 17:45:44,2011-04-18
Jonko,RE2002PRT-A-RE1-005,2011-04-18 17:45:51,2011-04-18
Jonko,RE2002PRT-A-RE1-010,2011-03-28 14:20:12,2011-03-28
Jonko,RE2002PRT-A-RE1-020,2011-04-18 17:45:57,2011-04-18
Jonko,RE2002PRT-A-RE1-050,2011-04-18 17:46:02,2011-04-18
Jonko,RE2002PRT-A-RE1-100,2010-10-21 00:00:01,2010-10-21
Jonko,RE2002PRT-A-RE1-200,2012-05-12 11:22:01,2012-05-12
Jonko,RE2006SMR-A-RE1-050,2013-01-04 10:33:18,2013-01-04
Jonko,RE2009SVK-A-RE1-001,2011-04-18 17:48:44,2011-04-18
Jonko,RE2009SVK-A-RE1-002,2011-04-18 17:48:37,2011-04-18
Jonko,RE2009SVK-A-RE1-005,2011-04-18 17:48:26,2011-04-18
Jonko,RE2009SVK-A-RE1-010,2011-04-18 17:50:48,2011-04-18
Jonko,RE2009SVK-A-RE1-020,2011-01-19 21:20:59,2011-01-19
Jonko,RE2009SVK-A-RE1-050,2011-04-18 17:50:32,2011-04-18
Jonko,RE2009SVK-A-RE1-100,2011-01-19 21:17:56,2011-01-19
Jonko,RE2009SVK-A-RE1-200,2011-01-19 21:17:44,2011-01-19
Jonko,RE2007SVN-A-RE1-001,2011-04-18 17:47:18,2011-04-18
Jonko,RE2007SVN-A-RE1-002,2011-04-18 17:47:24,2011-04-18
Jonko,RE2007SVN-A-RE1-005,2011-04-18 17:48:19,2011-04-18
Jonko,RE2007SVN-A-RE1-010,2011-04-18 17:49:47,2011-04-18
Jonko,RE2007SVN-A-RE1-020,2011-01-19 21:19:04,2011-01-19
Jonko,RE2007SVN-A-RE1-050,2011-01-19 21:18:36,2011-01-19
Jonko,RE2007SVN-A-RE1-100,2010-11-24 22:12:29,2010-11-24
Jonko,RE2007SVN-A-RE1-200,2012-03-10 14:06:03,2012-03-10
Jonko,RE1999ESP-A-RE1-001,2010-11-22 10:52:46,2010-11-22
Jonko,RE1999ESP-A-RE1-002,2010-10-22 23:24:44,2010-10-22
Jonko,RE1999ESP-A-RE1-005,2010-10-30 21:29:42,2010-10-30
Jonko,RE1999ESP-A-RE1-010,2010-10-21 00:00:01,2010-10-21
Jonko,RE1999ESP-A-RE1-020,2010-11-10 11:02:38,2010-11-10
Jonko,RE1999ESP-A-RE1-050,2010-10-21 00:00:01,2010-10-21
Jonko,RE1999ESP-A-RE1-100,2010-10-21 00:00:01,2010-10-21
Jonko,RE1999ESP-A-RE1-200,2010-11-24 22:11:58,2010-11-24
Jonko,RE2014ESP-A-RE2-001,2012-03-24 18:38:33,2012-03-24
Jonko,RE2014ESP-A-RE2-002,2012-03-24 18:38:41,2012-03-24
Jonko,RE2014ESP-A-RE2-005,2012-03-10 14:05:23,2012-03-10
Jonko,RE2014ESP-A-RE2-010,2012-03-10 14:05:32,2012-03-10
Jonko,RE2014ESP-A-RE2-020,2017-07-17 00:32:11,2017-07-17
Jonko,RE2014ESP-A-RE2-050,2012-03-24 18:38:50,2012-03-24
Jonko,RE2014ESP-A-RE2-100,2017-01-04 23:58:18,2017-01-04
Jonko,RE2006VAT-A-RE3-050,2011-03-29 14:10:18,2011-03-29
Jonko,RE2011EST-A-RE1-001,2011-04-18 17:51:49,2011-04-18
Jonko,RE2011EST-A-RE1-002,2011-02-15 15:19:03,2011-02-15
Jonko,RE2011EST-A-RE1-005,2011-04-18 17:51:57,2011-04-18
Jonko,RE2011EST-A-RE1-010,2011-03-21 10:06:17,2011-03-21
Jonko,RE2011EST-A-RE1-020,2011-02-15 15:19:11,2011-02-15
Jonko,RE2011EST-A-RE1-050,2011-03-21 10:05:57,2011-03-21
Jonko,RE2011EST-A-RE1-100,2017-06-05 13:54:26,2017-06-05
Jonko,CC2004GRC-A-CC1-200,2012-05-12 11:22:14,2012-05-12
Jonko,CC2004ITA-A-CC1-200,2012-04-28 00:35:10,2012-04-28
Jonko,CC2005ITA-A-CC1-200,2013-01-04 10:37:21,2013-01-04
Jonko,CC2006DEU-A-CC1-200,2010-11-22 11:10:45,2010-11-22
Jonko,CC2006ITA-A-CC1-200,2013-08-24 09:06:26,2013-08-24
Jonko,CC2007DEU-A-CC1-200,2010-11-22 10:51:08,2010-11-22
Jonko,CC2007AUT-A-TOR-200,2012-02-22 00:54:33,2012-02-22
Jonko,CC2007FRA-A-TOR-200,2011-06-25 13:53:37,2011-06-25
Jonko,CC2007DEU-A-TOR-200,2013-01-04 10:35:27,2013-01-04
Jonko,CC2008FRA-A-CC1-200,2013-01-04 10:38:12,2013-01-04
Jonko,CC2008DEU-A-CC1-200,2010-11-22 10:50:30,2010-11-22
Jonko,CC2009DEU-A-CC1-200,2011-01-19 21:20:25,2011-01-19
Jonko,CC2009AUT-A-EMU-200,2011-01-19 21:19:55,2011-01-19
Jonko,CC2009FRA-A-EMU-200,2013-06-04 16:11:33,2013-06-04
Jonko,CC2009DEU-A-EMU-200,2011-09-02 10:37:04,2011-09-02
Jonko,CC2009IRL-A-EMU-200,2013-01-04 10:39:21,2013-01-04
Jonko,CC2010BEL-A-CC1-200,2013-07-04 15:01:16,2013-07-04
Jonko,CC2010FRA-A-CC1-200,2016-01-19 18:28:26,2016-01-19
Jonko,CC2010DEU-A-CC1-200,2010-10-29 10:10:34,2010-10-29
Jonko,CC2010GRC-A-CC1-200,2011-06-25 13:54:53,2011-06-25
Jonko,CC2010ITA-A-CC1-200,2014-08-19 10:52:46,2014-08-19
Jonko,CC2011DEU-A-CC1-200,2013-01-17 10:30:07,2013-01-17
Jonko,CC2011ITA-A-CC1-200,2013-01-04 10:37:01,2013-01-04
Jonko,CC2012BEL-A-CC1-200,2015-06-07 21:07:16,2015-06-07
Jonko,CC2012DEU-A-CC1-200,2013-08-24 09:07:03,2013-08-24
Jonko,CC2012AUT-A-TYE-200,2013-03-11 10:59:42,2013-03-11
Jonko,CC2012FRA-A-TYE-200,2013-01-04 10:37:53,2013-01-04
Jonko,CC2012DEU-A-TYE-200,2017-09-26 08:57:11,2017-09-26
Jonko,CC2012FRA-A-CC1-200,2012-09-10 16:10:23,2012-09-10
Jonko,CC2013DEU-A-CC1-200,2013-06-17 10:28:28,2013-06-17
Jonko,CC2013NLD-A-CC1-200,2016-01-19 18:27:57,2016-01-19
Jonko,CC2013MCO-A-CC1-200,2017-03-27 11:49:37,2017-03-27
Jonko,RE2014LVA-A-RE1-002,2015-10-11 11:29:39,2015-10-11
Jonko,RE2014LVA-A-RE1-010,2015-10-11 11:29:48,2015-10-11
Jonko,RE2014LVA-A-RE1-050,2015-10-11 11:30:25,2015-10-11
Jonko,CC2013NLD-A-CC2-200,2016-01-19 18:27:45,2016-01-19
Jonko,CC2014FRA-A-CC1-200,2017-03-06 12:37:19,2017-03-06
Jonko,CC2014DEU-A-CC1-200,2015-12-14 00:08:29,2015-12-14
Jonko,CC2014MLT-A-CC1-200,2015-12-18 09:30:41,2015-12-18
Jonko,CC2014NLD-A-CC1-200,2015-01-26 10:51:15,2015-01-26
Jonko,RE2014NLD-A-RE2-005,2015-01-26 10:50:57,2015-01-26
Jonko,RE2014NLD-A-RE2-010,2016-01-19 18:27:10,2016-01-19
Jonko,RE2014BEL-A-RE3-005,2016-09-30 09:51:30,2016-09-30
Jonko,CC2015FRA-A-CC1-200,2017-03-06 12:37:24,2017-03-06
Jonko,CC2015DEU-A-CC1-200,2015-05-07 14:55:05,2015-05-07
Jonko,CC2015DEU-A-CC2-200,2015-12-14 00:09:29,2015-12-14
Jonko,CC2015DEU-A-EUF-200,2015-12-14 00:09:15,2015-12-14
Jonko,CC2016AUT-A-CC1-200,2017-07-18 19:41:24,2017-07-18
Jonko,CC2016DEU-A-CC1-200,2016-05-27 11:31:10,2016-05-27
Jonko,CC2017DEU-A-CC1-200,2017-09-26 08:55:35,2017-09-26
Jonko,RE2015ESP-A-RE3-100,2017-11-27 16:17:11,2017-11-27
Joro,RE2002AUT-A-RE1-001,2013-10-17 22:32:14,2013-10-17
Joro,RE2002AUT-A-RE1-002,2013-10-17 22:32:18,2013-10-17
Joro,RE2002AUT-A-RE1-005,2013-10-17 22:32:22,2013-10-17
Joro,RE2002AUT-A-RE1-010,2013-10-17 22:32:26,2013-10-17
Joro,RE2002AUT-A-RE1-020,2013-10-17 22:32:32,2013-10-17
Joro,RE2002AUT-A-RE1-050,2013-10-17 22:32:36,2013-10-17
Joro,RE2002AUT-A-RE1-100,2013-10-17 22:32:42,2013-10-17
Joro,RE2002AUT-A-RE1-200,2013-10-17 22:32:51,2013-10-17
Joro,RE1999BEL-A-RE1-001,2013-10-17 22:30:53,2013-10-17
Joro,RE1999BEL-A-RE1-002,2013-10-17 22:30:57,2013-10-17
Joro,RE1999BEL-A-RE1-005,2014-08-02 21:36:06,2014-08-02
Joro,RE1999BEL-A-RE1-010,2013-10-17 22:31:03,2013-10-17
Joro,RE1999BEL-A-RE1-020,2013-10-17 22:31:11,2013-10-17
Joro,RE1999BEL-A-RE1-050,2013-10-17 22:31:16,2013-10-17
Joro,RE1999BEL-A-RE1-100,2016-01-09 21:23:07,2016-01-09
Joro,RE1999BEL-A-RE1-200,2013-10-17 22:31:22,2013-10-17
Joro,RE2008BEL-A-RE2-002,2015-03-28 10:34:53,2015-03-28
Joro,RE2008BEL-A-RE2-010,2014-05-21 23:21:37,2014-05-21
Joro,RE2008BEL-A-RE2-020,2014-01-05 18:37:15,2014-01-05
Joro,RE2008BEL-A-RE2-050,2014-08-02 21:36:49,2014-08-02
Joro,RE2008BEL-A-RE2-100,2016-10-16 12:45:32,2016-10-16
Joro,RE2008BEL-A-RE2-200,2014-08-02 21:36:57,2014-08-02
Joro,RE2008CYP-A-RE1-005,2022-05-28 15:47:22,2022-05-28
Joro,RE2008CYP-A-RE1-010,2023-04-17 19:58:49,2023-04-17
Joro,RE2008CYP-A-RE1-020,2013-10-17 22:38:58,2013-10-17
Joro,RE2008CYP-A-RE1-050,2013-10-17 22:39:08,2013-10-17
Joro,RE2008CYP-A-RE1-200,2013-10-17 22:39:14,2013-10-17
Joro,RE1999FIN-A-RE1-005,2013-10-17 22:41:36,2013-10-17
Joro,RE1999FIN-A-RE1-010,2013-10-17 22:41:41,2013-10-17
Joro,RE1999FIN-A-RE1-020,2013-10-17 22:41:45,2013-10-17
Joro,RE1999FIN-A-RE1-050,2013-10-17 22:41:49,2013-10-17
Joro,RE1999FIN-A-RE1-100,2013-10-17 22:42:01,2013-10-17
Joro,RE1999FIN-A-RE1-200,2016-04-24 14:22:18,2016-04-24
Joro,RE2007FIN-A-RE2-005,2019-09-27 18:22:28,2019-09-27
Joro,RE2007FIN-A-RE2-050,2016-04-24 14:23:36,2016-04-24
Joro,RE2007FIN-A-RE2-200,2013-10-17 22:42:07,2013-10-17
Joro,RE1999FRA-A-RE1-001,2013-10-17 22:27:20,2013-10-17
Joro,RE1999FRA-A-RE1-002,2013-10-17 22:27:24,2013-10-17
Joro,RE1999FRA-A-RE1-005,2013-10-17 22:27:30,2013-10-17
Joro,RE1999FRA-A-RE1-010,2013-10-17 22:27:35,2013-10-17
Joro,RE1999FRA-A-RE1-020,2013-10-17 22:27:40,2013-10-17
Joro,RE1999FRA-A-RE1-050,2013-10-17 22:27:46,2013-10-17
Joro,RE1999FRA-A-RE1-100,2013-10-17 22:27:50,2013-10-17
Joro,RE1999FRA-A-RE1-200,2013-10-17 22:28:13,2013-10-17
Joro,RE1999DEU-A-RE1-001,2013-10-17 22:24:11,2013-10-17
Joro,RE1999DEU-A-RE1-002,2013-10-17 22:24:19,2013-10-17
Joro,RE1999DEU-A-RE1-005,2013-10-17 22:24:25,2013-10-17
Joro,RE1999DEU-A-RE1-010,2013-10-17 22:24:30,2013-10-17
Joro,RE1999DEU-A-RE1-020,2013-10-17 22:24:37,2013-10-17
Joro,RE1999DEU-A-RE1-050,2013-10-17 22:24:45,2013-10-17
Joro,RE1999DEU-A-RE1-100,2013-10-17 22:24:50,2013-10-17
Joro,RE1999DEU-A-RE1-200,2013-10-17 22:24:55,2013-10-17
Joro,RE2002GRC-A-RE1-001,2013-10-17 22:25:59,2013-10-17
Joro,RE2002GRC-A-RE1-002,2015-05-29 22:13:02,2015-05-29
Joro,RE2002GRC-A-RE1-005,2014-08-02 21:39:42,2014-08-02
Joro,RE2002GRC-A-RE1-010,2013-10-17 22:26:11,2013-10-17
Joro,RE2002GRC-A-RE1-020,2014-01-05 18:32:54,2014-01-05
Joro,RE2002GRC-A-RE1-050,2013-10-17 22:26:16,2013-10-17
Joro,RE2002GRC-A-RE1-100,2013-10-17 22:26:24,2013-10-17
Joro,RE2002GRC-A-RE1-200,2014-08-02 21:38:56,2014-08-02
Joro,RE2002IRL-A-RE1-001,2014-05-21 23:24:59,2014-05-21
Joro,RE2002IRL-A-RE1-005,2013-10-17 22:34:59,2013-10-17
Joro,RE2002IRL-A-RE1-010,2013-10-17 22:35:03,2013-10-17
Joro,RE2002IRL-A-RE1-020,2013-10-17 22:35:08,2013-10-17
Joro,RE2002IRL-A-RE1-050,2013-10-17 22:35:12,2013-10-17
Joro,RE2002IRL-A-RE1-100,2013-10-17 22:35:16,2013-10-17
Joro,RE2002IRL-A-RE1-200,2017-08-16 21:08:47,2017-08-16
Joro,RE1999ITA-A-RE1-001,2014-05-21 23:37:28,2014-05-21
Joro,RE1999ITA-A-RE1-002,2014-05-21 23:37:37,2014-05-21
Joro,RE1999ITA-A-RE1-005,2014-05-21 23:37:44,2014-05-21
Joro,RE1999ITA-A-RE1-010,2014-05-21 23:22:14,2014-05-21
Joro,RE1999ITA-A-RE1-020,2014-05-21 23:37:58,2014-05-21
Joro,RE1999ITA-A-RE1-050,2014-05-21 23:38:05,2014-05-21
Joro,RE1999ITA-A-RE1-100,2014-05-21 23:38:14,2014-05-21
Joro,RE1999ITA-A-RE1-200,2014-05-21 23:38:19,2014-05-21
Joro,RE2002LUX-A-RE1-001,2013-10-17 22:43:22,2013-10-17
Joro,RE2002LUX-A-RE1-002,2020-01-04 17:21:08,2020-01-04
Joro,RE2002LUX-A-RE1-005,2017-03-10 19:20:26,2017-03-10
Joro,RE2002LUX-A-RE1-010,2013-10-17 22:43:28,2013-10-17
Joro,RE2002LUX-A-RE1-020,2023-04-17 20:16:04,2023-04-17
Joro,RE2002LUX-A-RE1-050,2013-10-17 22:43:37,2013-10-17
Joro,RE2002LUX-A-RE1-100,2018-06-07 21:28:35,2018-06-07
Joro,RE2002LUX-A-RE1-200,2017-06-25 16:04:00,2017-06-25
Joro,RE2008MLT-A-RE1-001,2013-10-17 22:28:56,2013-10-17
Joro,RE2008MLT-A-RE1-002,2013-10-17 22:29:01,2013-10-17
Joro,RE2008MLT-A-RE1-005,2013-10-17 22:29:05,2013-10-17
Joro,RE2008MLT-A-RE1-010,2013-10-17 22:29:09,2013-10-17
Joro,RE2008MLT-A-RE1-020,2013-10-17 22:29:12,2013-10-17
Joro,RE2008MLT-A-RE1-050,2013-10-17 22:29:17,2013-10-17
Joro,RE2008MLT-A-RE1-100,2013-10-17 22:29:21,2013-10-17
Joro,RE2008MLT-A-RE1-200,2013-10-17 22:29:28,2013-10-17
Joro,RE1999NLD-A-RE1-001,2013-10-17 22:33:44,2013-10-17
Joro,RE1999NLD-A-RE1-002,2013-10-17 22:33:49,2013-10-17
Joro,RE1999NLD-A-RE1-005,2014-10-23 21:40:40,2014-10-23
Joro,RE1999NLD-A-RE1-010,2013-10-17 22:33:55,2013-10-17
Joro,RE1999NLD-A-RE1-020,2015-03-28 10:26:15,2015-03-28
Joro,RE1999NLD-A-RE1-050,2013-10-17 22:34:01,2013-10-17
Joro,RE1999NLD-A-RE1-100,2013-10-17 22:34:07,2013-10-17
Joro,RE1999NLD-A-RE1-200,2015-03-28 10:26:45,2015-03-28
Joro,RE2002PRT-A-RE1-001,2016-10-16 12:49:01,2016-10-16
Joro,RE2002PRT-A-RE1-002,2016-10-16 12:48:33,2016-10-16
Joro,RE2002PRT-A-RE1-005,2016-01-09 21:32:23,2016-01-09
Joro,RE2002PRT-A-RE1-010,2013-10-17 22:36:07,2013-10-17
Joro,RE2002PRT-A-RE1-020,2016-10-16 12:47:04,2016-10-16
Joro,RE2002PRT-A-RE1-050,2013-10-17 22:36:16,2013-10-17
Joro,RE2002PRT-A-RE1-100,2013-10-17 22:36:21,2013-10-17
Joro,RE2002PRT-A-RE1-200,2013-10-17 22:36:26,2013-10-17
Joro,RE2006SMR-A-RE1-001,2016-04-24 13:50:25,2016-04-24
Joro,RE2006SMR-A-RE1-002,2016-04-24 13:50:32,2016-04-24
Joro,RE2006SMR-A-RE1-005,2016-04-24 13:50:40,2016-04-24
Joro,RE2006SMR-A-RE1-020,2016-04-24 13:51:09,2016-04-24
Joro,RE2006SMR-A-RE1-050,2016-04-24 13:51:25,2016-04-24
Joro,RE2006SMR-A-RE1-100,2016-04-24 13:51:34,2016-04-24
Joro,RE2006SMR-A-RE1-200,2016-04-24 13:51:46,2016-04-24
Joro,RE2009SVK-A-RE1-001,2020-01-04 17:22:38,2020-01-04
Joro,RE2009SVK-A-RE1-002,2015-05-30 11:15:56,2015-05-30
Joro,RE2009SVK-A-RE1-010,2013-10-17 22:37:48,2013-10-17
Joro,RE2009SVK-A-RE1-020,2014-05-21 23:20:50,2014-05-21
Joro,RE2009SVK-A-RE1-050,2016-01-09 21:16:09,2016-01-09
Joro,RE2009SVK-A-RE1-100,2019-06-23 17:49:44,2019-06-23
Joro,RE2009SVK-A-RE1-200,2013-10-17 22:37:41,2013-10-17
Joro,RE2007SVN-A-RE1-005,2016-10-16 12:47:53,2016-10-16
Joro,RE2007SVN-A-RE1-010,2017-06-10 13:24:13,2017-06-10
Joro,RE2007SVN-A-RE1-020,2016-04-24 16:16:20,2016-04-24
Joro,RE2007SVN-A-RE1-100,2017-06-10 13:25:07,2017-06-10
Joro,RE1999ESP-A-RE1-001,2013-10-17 22:21:55,2013-10-17
Joro,RE1999ESP-A-RE1-002,2013-10-17 22:22:20,2013-10-17
Joro,RE1999ESP-A-RE1-005,2013-10-17 22:22:32,2013-10-17
Joro,RE1999ESP-A-RE1-010,2013-10-17 22:22:39,2013-10-17
Joro,RE1999ESP-A-RE1-020,2013-10-17 22:22:47,2013-10-17
Joro,RE1999ESP-A-RE1-050,2013-10-17 22:22:54,2013-10-17
Joro,RE1999ESP-A-RE1-100,2013-10-17 22:23:00,2013-10-17
Joro,RE1999ESP-A-RE1-200,2013-10-17 22:23:06,2013-10-17
Joro,RE2014ESP-A-RE2-001,2014-05-21 23:24:09,2014-05-21
Joro,RE2014ESP-A-RE2-002,2016-01-09 21:07:34,2016-01-09
Joro,RE2014ESP-A-RE2-005,2014-05-21 23:23:12,2014-05-21
Joro,RE2014ESP-A-RE2-010,2017-05-07 15:39:59,2017-05-07
Joro,RE2014ESP-A-RE2-020,2017-05-07 15:38:24,2017-05-07
Joro,RE2014ESP-A-RE2-050,2017-11-04 21:48:59,2017-11-04
Joro,RE2014ESP-A-RE2-100,2017-06-25 15:59:31,2017-06-25
Joro,RE2014ESP-A-RE2-200,2017-05-07 15:23:13,2017-05-07
Joro,RE2005VAT-A-RE2-001,2022-11-20 13:56:51,2022-11-20
Joro,RE2005VAT-A-RE2-002,2022-11-20 13:57:26,2022-11-20
Joro,RE2005VAT-A-RE2-005,2022-11-20 13:56:59,2022-11-20
Joro,RE2005VAT-A-RE2-010,2022-11-20 13:57:32,2022-11-20
Joro,RE2005VAT-A-RE2-020,2022-11-20 13:57:03,2022-11-20
Joro,RE2005VAT-A-RE2-050,2022-11-20 13:57:50,2022-11-20
Joro,RE2005VAT-A-RE2-100,2022-11-20 13:57:10,2022-11-20
Joro,RE2005VAT-A-RE2-200,2022-11-20 13:57:16,2022-11-20
Joro,RE2006VAT-A-RE3-050,2016-04-24 14:00:11,2016-04-24
Joro,RE2011EST-A-RE1-001,2016-01-09 20:56:32,2016-01-09
Joro,RE2011EST-A-RE1-010,2014-01-05 18:34:12,2014-01-05
Joro,CC2004GRC-A-CC1-200,2014-05-21 23:19:37,2014-05-21
Joro,CC2006DEU-A-CC1-200,2017-03-10 19:18:55,2017-03-10
Joro,CC2006ITA-A-CC1-200,2013-10-17 22:47:41,2013-10-17
Joro,CC2007DEU-A-CC1-200,2014-05-21 23:17:33,2014-05-21
Joro,CC2007DEU-A-TOR-200,2013-10-17 22:46:55,2013-10-17
Joro,CC2008FRA-A-CC1-200,2013-10-17 22:46:05,2013-10-17
Joro,CC2009DEU-A-EMU-200,2016-04-24 14:25:19,2016-04-24
Joro,CC2010FRA-A-CC1-200,2017-06-25 16:04:41,2017-06-25
Joro,CC2010DEU-A-CC1-200,2014-05-21 23:18:56,2014-05-21
Joro,CC2011DEU-A-CC1-200,2016-01-09 21:00:50,2016-01-09
Joro,CC2012DEU-A-CC1-200,2017-03-10 19:17:29,2017-03-10
Joro,CC2012AUT-A-TYE-200,2016-10-16 12:44:32,2016-10-16
Joro,CC2012FRA-A-TYE-200,2013-10-17 22:45:37,2013-10-17
Joro,CC2013DEU-A-CC1-200,2014-05-21 23:18:16,2014-05-21
Joro,CC2013NLD-A-CC1-200,2016-04-24 14:13:03,2016-04-24
Joro,RE2014LVA-A-RE1-002,2015-10-15 20:50:08,2015-10-15
Joro,RE2014LVA-A-RE1-010,2017-11-04 21:48:43,2017-11-04
Joro,RE2014LVA-A-RE1-050,2024-02-28 21:15:36,2024-02-28
Joro,RE2014LVA-A-RE1-100,2023-04-17 20:13:49,2023-04-17
Joro,CC2014ESP-A-CC1-200,2024-02-28 21:11:43,2024-02-28
Joro,RE2014NLD-A-RE2-005,2015-10-15 20:44:15,2015-10-15
Joro,RE2015LTU-A-RE1-020,2023-06-27 14:16:37,2023-06-27
Joro,RE2015LTU-A-RE1-100,2022-05-28 15:46:28,2022-05-28
Joro,CC2015DEU-A-CC1-200,2017-03-10 19:18:20,2017-03-10
Joro,CC2015DEU-A-CC2-200,2016-04-24 14:27:21,2016-04-24
Joro,RE2015ESP-A-RE3-100,2018-01-13 11:56:19,2018-01-13
Joro,RE2014AND-A-RE1-020,2017-06-29 16:05:49,2017-06-29
Lili,RE2002AUT-A-RE1-001,2010-10-21 00:00:01,2010-10-21
Lili,RE2002AUT-A-RE1-002,2010-10-21 00:00:01,2010-10-21
Lili,RE2002AUT-A-RE1-005,2010-10-25 09:36:13,2010-10-25
Lili,RE2002AUT-A-RE1-010,2010-10-21 00:00:01,2010-10-21
Lili,RE2002AUT-A-RE1-020,2010-10-24 19:13:53,2010-10-24
Lili,RE2002AUT-A-RE1-050,2010-11-29 10:26:52,2010-11-29
Lili,RE2002AUT-A-RE1-100,2010-10-21 00:00:01,2010-10-21
Lili,RE2002AUT-A-RE1-200,2010-10-21 00:00:01,2010-10-21
Lili,RE1999BEL-A-RE1-001,2011-03-28 14:25:23,2011-03-28
Lili,RE1999BEL-A-RE1-002,2011-01-20 09:04:20,2011-01-20
Lili,RE1999BEL-A-RE1-005,2010-10-31 16:39:06,2010-10-31
Lili,RE1999BEL-A-RE1-010,2011-01-20 09:05:07,2011-01-20
Lili,RE1999BEL-A-RE1-020,2010-10-31 16:40:13,2010-10-31
Lili,RE1999BEL-A-RE1-050,2010-12-09 14:57:22,2010-12-09
Lili,RE1999BEL-A-RE1-100,2010-12-18 21:19:24,2010-12-18
Lili,RE1999BEL-A-RE1-200,2010-10-21 00:00:01,2010-10-21
Lili,RE2008BEL-A-RE2-001,2011-03-28 14:23:59,2011-03-28
Lili,RE2008BEL-A-RE2-002,2011-04-19 11:45:55,2011-04-19
Lili,RE2008BEL-A-RE2-005,2011-03-28 14:24:07,2011-03-28
Lili,RE2008BEL-A-RE2-010,2011-01-20 09:05:12,2011-01-20
Lili,RE2008BEL-A-RE2-020,2011-03-28 14:24:16,2011-03-28
Lili,RE2008BEL-A-RE2-050,2010-12-18 21:20:13,2010-12-18
Lili,RE2008BEL-A-RE2-100,2012-04-09 09:19:33,2012-04-09
Lili,RE2008BEL-A-RE2-200,2011-03-28 14:24:22,2011-03-28
Lili,RE2008CYP-A-RE1-005,2015-07-02 10:02:29,2015-07-02
Lili,RE2008CYP-A-RE1-010,2013-01-04 10:28:25,2013-01-04
Lili,RE2008CYP-A-RE1-020,2011-07-07 18:15:43,2011-07-07
Lili,RE2008CYP-A-RE1-050,2012-04-04 10:11:45,2012-04-04
Lili,RE2008CYP-A-RE1-100,2013-01-04 10:27:34,2013-01-04
Lili,RE2008CYP-A-RE1-200,2012-10-26 17:29:54,2012-10-26
Lili,RE1999FIN-A-RE1-005,2011-10-20 10:37:24,2011-10-20
Lili,RE1999FIN-A-RE1-010,2017-06-06 10:03:21,2017-06-06
Lili,RE1999FIN-A-RE1-020,2010-10-24 19:13:34,2010-10-24
Lili,RE1999FIN-A-RE1-050,2016-09-12 09:35:28,2016-09-12
Lili,RE1999FIN-A-RE1-100,2010-10-24 19:11:05,2010-10-24
Lili,RE1999FIN-A-RE1-200,2010-10-24 19:12:51,2010-10-24
Lili,RE2007FIN-A-RE2-005,2017-06-06 10:03:08,2017-06-06
Lili,RE2007FIN-A-RE2-010,2011-04-05 15:14:33,2011-04-05
Lili,RE2007FIN-A-RE2-020,2017-06-06 10:03:31,2017-06-06
Lili,RE2007FIN-A-RE2-050,2010-10-24 19:14:20,2010-10-24
Lili,RE2007FIN-A-RE2-200,2010-10-24 19:12:56,2010-10-24
Lili,RE1999FRA-A-RE1-001,2010-10-21 00:00:01,2010-10-21
Lili,RE1999FRA-A-RE1-002,2010-10-21 00:00:01,2010-10-21
Lili,RE1999FRA-A-RE1-005,2010-10-21 00:00:01,2010-10-21
Lili,RE1999FRA-A-RE1-010,2010-10-25 09:37:58,2010-10-25
Lili,RE1999FRA-A-RE1-020,2010-11-22 11:09:09,2010-11-22
Lili,RE1999FRA-A-RE1-050,2010-10-21 00:00:01,2010-10-21
Lili,RE1999FRA-A-RE1-100,2010-10-21 00:00:01,2010-10-21
Lili,RE1999FRA-A-RE1-200,2010-10-21 00:00:01,2010-10-21
Lili,RE1999DEU-A-RE1-001,2010-10-21 00:00:01,2010-10-21
Lili,RE1999DEU-A-RE1-002,2010-10-21 00:00:01,2010-10-21
Lili,RE1999DEU-A-RE1-005,2010-10-21 00:00:01,2010-10-21
Lili,RE1999DEU-A-RE1-010,2010-10-21 00:00:01,2010-10-21
Lili,RE1999DEU-A-RE1-020,2010-10-21 00:00:01,2010-10-21
Lili,RE1999DEU-A-RE1-050,2010-10-21 00:00:01,2010-10-21
Lili,RE1999DEU-A-RE1-100,2010-10-21 00:00:01,2010-10-21
Lili,RE1999DEU-A-RE1-200,2010-10-21 00:00:01,2010-10-21
Lili,RE2002GRC-A-RE1-001,2010-10-21 00:00:01,2010-10-21
Lili,RE2002GRC-A-RE1-002,2010-10-21 00:00:01,2010-10-21
Lili,RE2002GRC-A-RE1-005,2010-10-21 00:00:01,2010-10-21
Lili,RE2002GRC-A-RE1-010,2010-10-21 00:00:01,2010-10-21
Lili,RE2002GRC-A-RE1-020,2010-10-21 00:00:01,2010-10-21
Lili,RE2002GRC-A-RE1-050,2010-10-21 00:00:01,2010-10-21
Lili,RE2002GRC-A-RE1-100,2010-10-21 00:00:01,2010-10-21
Lili,RE2002GRC-A-RE1-200,2010-11-01 10:33:39,2010-11-01
Lili,RE2002IRL-A-RE1-001,2011-04-19 11:45:28,2011-04-19
Lili,RE2002IRL-A-RE1-002,2010-10-21 00:00:01,2010-10-21
Lili,RE2002IRL-A-RE1-005,2011-01-20 09:04:40,2011-01-20
Lili,RE2002IRL-A-RE1-010,2011-01-20 09:04:53,2011-01-20
Lili,RE2002IRL-A-RE1-020,2011-05-17 10:40:46,2011-05-17
Lili,RE2002IRL-A-RE1-050,2011-03-22 13:27:26,2011-03-22
Lili,RE2002IRL-A-RE1-100,2011-03-28 09:15:40,2011-03-28
Lili,RE2002IRL-A-RE1-200,2011-03-14 12:55:36,2011-03-14
Lili,RE1999ITA-A-RE1-001,2010-10-21 00:00:01,2010-10-21
Lili,RE1999ITA-A-RE1-002,2010-10-21 00:00:01,2010-10-21
Lili,RE1999ITA-A-RE1-005,2010-10-21 00:00:01,2010-10-21
Lili,RE1999ITA-A-RE1-010,2010-10-21 00:00:01,2010-10-21
Lili,RE1999ITA-A-RE1-020,2010-10-21 00:00:01,2010-10-21
Lili,RE1999ITA-A-RE1-050,2010-10-21 00:00:01,2010-10-21
Lili,RE1999ITA-A-RE1-100,2010-10-21 00:00:01,2010-10-21
Lili,RE1999ITA-A-RE1-200,2010-10-21 00:00:01,2010-10-21
Lili,RE2002LUX-A-RE1-001,2011-01-20 09:04:03,2011-01-20
Lili,RE2002LUX-A-RE1-002,2011-03-28 14:25:11,2011-03-28
Lili,RE2002LUX-A-RE1-005,2011-10-20 10:37:35,2011-10-20
Lili,RE2002LUX-A-RE1-010,2011-01-20 09:04:57,2011-01-20
Lili,RE2002LUX-A-RE1-020,2011-03-28 14:24:59,2011-03-28
Lili,RE2002LUX-A-RE1-050,2011-01-20 09:05:29,2011-01-20
Lili,RE2002LUX-A-RE1-100,2010-12-09 10:50:24,2010-12-09
Lili,RE2002LUX-A-RE1-200,2011-10-20 10:39:05,2011-10-20
Lili,RE2008MLT-A-RE1-002,2011-10-26 08:56:30,2011-10-26
Lili,RE2008MLT-A-RE1-005,2014-01-29 22:10:17,2014-01-29
Lili,RE2008MLT-A-RE1-010,2013-01-04 10:28:12,2013-01-04
Lili,RE2008MLT-A-RE1-020,2013-01-04 10:28:01,2013-01-04
Lili,RE2008MLT-A-RE1-050,2011-10-20 10:24:00,2011-10-20
Lili,RE2008MLT-A-RE1-100,2014-07-22 17:23:28,2014-07-22
Lili,RE2008MLT-A-RE1-200,2011-04-03 16:52:45,2011-04-03
Lili,RE1999NLD-A-RE1-001,2010-11-22 10:34:13,2010-11-22
Lili,RE1999NLD-A-RE1-002,2010-11-22 11:00:50,2010-11-22
Lili,RE1999NLD-A-RE1-005,2010-10-31 16:38:48,2010-10-31
Lili,RE1999NLD-A-RE1-010,2010-11-23 10:38:55,2010-11-23
Lili,RE1999NLD-A-RE1-020,2010-10-21 00:00:01,2010-10-21
Lili,RE1999NLD-A-RE1-050,2010-11-01 10:38:34,2010-11-01
Lili,RE1999NLD-A-RE1-100,2010-11-10 09:42:13,2010-11-10
Lili,RE1999NLD-A-RE1-200,2010-10-31 16:38:28,2010-10-31
Lili,RE2002PRT-A-RE1-001,2011-01-20 09:03:45,2011-01-20
Lili,RE2002PRT-A-RE1-002,2014-07-22 17:23:40,2014-07-22
Lili,RE2002PRT-A-RE1-005,2010-12-18 21:22:12,2010-12-18
Lili,RE2002PRT-A-RE1-010,2010-11-10 09:41:32,2010-11-10
Lili,RE2002PRT-A-RE1-020,2011-03-07 10:43:03,2011-03-07
Lili,RE2002PRT-A-RE1-050,2011-07-01 17:02:00,2011-07-01
Lili,RE2002PRT-A-RE1-100,2010-12-09 10:50:35,2010-12-09
Lili,RE2002PRT-A-RE1-200,2011-03-28 14:25:40,2011-03-28
Lili,RE2006SMR-A-RE1-020,2013-01-04 10:27:51,2013-01-04
Lili,RE2006SMR-A-RE1-050,2012-06-11 11:07:33,2012-06-11
Lili,RE2006SMR-A-RE1-100,2013-02-19 13:57:58,2013-02-19
Lili,RE2009SVK-A-RE1-001,2013-05-08 08:27:11,2013-05-08
Lili,RE2009SVK-A-RE1-002,2017-03-20 09:01:14,2017-03-20
Lili,RE2009SVK-A-RE1-010,2011-11-21 09:14:08,2011-11-21
Lili,RE2009SVK-A-RE1-020,2013-07-09 15:30:06,2013-07-09
Lili,RE2009SVK-A-RE1-050,2010-10-24 19:14:32,2010-10-24
Lili,RE2009SVK-A-RE1-100,2011-07-01 17:01:49,2011-07-01
Lili,RE2009SVK-A-RE1-200,2011-02-24 16:18:46,2011-02-24
Lili,RE2007SVN-A-RE1-001,2011-04-03 16:53:17,2011-04-03
Lili,RE2007SVN-A-RE1-002,2012-02-14 09:31:57,2012-02-14
Lili,RE2007SVN-A-RE1-005,2011-04-03 16:53:36,2011-04-03
Lili,RE2007SVN-A-RE1-010,2011-07-01 17:01:10,2011-07-01
Lili,RE2007SVN-A-RE1-020,2011-04-03 16:53:49,2011-04-03
Lili,RE2007SVN-A-RE1-050,2011-07-22 21:38:35,2011-07-22
Lili,RE2007SVN-A-RE1-100,2011-10-20 10:36:02,2011-10-20
Lili,RE2007SVN-A-RE1-200,2011-07-01 17:01:16,2011-07-01
Lili,RE1999ESP-A-RE1-001,2010-11-10 09:40:21,2010-11-10
Lili,RE1999ESP-A-RE1-002,2010-10-21 00:00:01,2010-10-21
Lili,RE1999ESP-A-RE1-005,2010-10-30 13:11:10,2010-10-30
Lili,RE1999ESP-A-RE1-010,2010-10-21 00:00:01,2010-10-21
Lili,RE1999ESP-A-RE1-020,2010-11-10 09:41:57,2010-11-10
Lili,RE1999ESP-A-RE1-050,2010-10-21 00:00:01,2010-10-21
Lili,RE1999ESP-A-RE1-100,2010-10-21 00:00:01,2010-10-21
Lili,RE1999ESP-A-RE1-200,2010-10-30 13:12:02,2010-10-30
Lili,RE2014ESP-A-RE2-001,2012-02-22 14:34:52,2012-02-22
Lili,RE2014ESP-A-RE2-002,2013-07-04 10:51:11,2013-07-04
Lili,RE2014ESP-A-RE2-005,2012-05-10 10:16:30,2012-05-10
Lili,RE2014ESP-A-RE2-010,2017-03-27 16:14:21,2017-03-27
Lili,RE2014ESP-A-RE2-020,2017-07-12 17:43:10,2017-07-12
Lili,RE2014ESP-A-RE2-050,2017-03-27 16:14:29,2017-03-27
Lili,RE2014ESP-A-RE2-100,2016-09-12 09:35:13,2016-09-12
Lili,RE2014ESP-A-RE2-200,2012-02-22 14:34:37,2012-02-22
Lili,RE2006VAT-A-RE3-050,2011-09-02 10:11:42,2011-09-02
Lili,RE2011EST-A-RE1-001,2011-03-21 09:41:11,2011-03-21
Lili,RE2011EST-A-RE1-002,2015-10-01 10:42:30,2015-10-01
Lili,RE2011EST-A-RE1-005,2017-04-03 15:14:56,2017-04-03
Lili,RE2011EST-A-RE1-010,2011-02-15 09:56:38,2011-02-15
Lili,RE2011EST-A-RE1-020,2011-02-15 09:56:45,2011-02-15
Lili,RE2011EST-A-RE1-050,2014-07-20 12:19:03,2014-07-20
Lili,RE2011EST-A-RE1-100,2011-03-21 09:41:18,2011-03-21
Lili,CC2004GRC-A-CC1-200,2011-04-01 13:28:00,2011-04-01
Lili,CC2004ITA-A-CC1-200,2011-06-16 09:27:00,2011-06-16
Lili,CC2005AUT-A-CC1-200,2013-01-04 10:27:22,2013-01-04
Lili,CC2005ITA-A-CC1-200,2012-09-24 16:33:21,2012-09-24
Lili,CC2006BEL-A-CC1-200,2012-09-10 14:03:18,2012-09-10
Lili,CC2006DEU-A-CC1-200,2012-05-03 08:53:08,2012-05-03
Lili,CC2006ITA-A-CC1-200,2014-01-29 22:09:42,2014-01-29
Lili,CC2007DEU-A-CC1-200,2010-11-22 11:01:45,2010-11-22
Lili,CC2007LUX-A-CC1-200,2011-03-28 14:24:41,2011-03-28
Lili,CC2007AUT-A-TOR-200,2011-09-02 10:13:43,2011-09-02
Lili,CC2007FRA-A-TOR-200,2022-01-06 14:48:26,2022-01-06
Lili,CC2007DEU-A-TOR-200,2011-10-20 10:38:53,2011-10-20
Lili,CC2007GRC-A-TOR-200,2011-04-03 16:52:30,2011-04-03
Lili,CC2008BEL-A-CC1-200,2010-11-22 10:34:31,2010-11-22
Lili,CC2008FRA-A-CC1-200,2012-01-19 16:27:43,2012-01-19
Lili,CC2008DEU-A-CC1-200,2010-11-22 11:01:23,2010-11-22
Lili,CC2008ITA-A-CC1-200,2013-01-04 10:27:00,2013-01-04
Lili,CC2008SVN-A-CC1-200,2012-03-08 08:54:03,2012-03-08
Lili,CC2009BEL-A-CC1-200,2016-04-10 08:03:51,2016-04-10
Lili,CC2009DEU-A-CC1-200,2010-11-22 11:01:56,2010-11-22
Lili,CC2009ITA-A-CC1-200,2013-01-04 10:26:47,2013-01-04
Lili,CC2009AUT-A-EMU-200,2013-01-04 10:27:12,2013-01-04
Lili,CC2009DEU-A-EMU-200,2010-11-01 09:26:05,2010-11-01
Lili,CC2009ESP-A-EMU-200,2014-07-20 12:17:28,2014-07-20
Lili,CC2010BEL-A-CC1-200,2012-06-18 10:51:58,2012-06-18
Lili,CC2010FIN-A-CC1-200,2016-01-19 08:22:25,2016-01-19
Lili,CC2010FRA-A-CC1-200,2010-12-15 09:34:33,2010-12-15
Lili,CC2010DEU-A-CC1-200,2011-08-05 16:12:02,2011-08-05
Lili,CC2011BEL-A-CC1-200,2023-10-24 23:17:45,2023-10-24
Lili,CC2011DEU-A-CC1-200,2011-11-07 09:49:37,2011-11-07
Lili,CC2011ITA-A-CC1-200,2014-03-07 12:44:05,2014-03-07
Lili,CC2011NLD-A-CC1-200,2011-10-20 10:38:29,2011-10-20
Lili,CC2012BEL-A-CC1-200,2016-01-19 08:21:48,2016-01-19
Lili,CC2012DEU-A-CC1-200,2013-06-13 10:57:57,2013-06-13
Lili,CC2012AUT-A-TYE-200,2013-05-27 10:54:55,2013-05-27
Lili,CC2012BEL-A-TYE-200,2012-06-14 14:14:59,2012-06-14
Lili,CC2012FRA-A-TYE-200,2017-02-10 10:10:59,2017-02-10
Lili,CC2012DEU-A-TYE-200,2012-04-02 10:57:13,2012-04-02
Lili,CC2012ITA-A-TYE-200,2014-07-20 12:15:38,2014-07-20
Lili,CC2013DEU-A-CC1-200,2013-06-04 14:08:56,2013-06-04
Lili,CC2013NLD-A-CC1-200,2016-01-19 08:22:14,2016-01-19
Lili,CC2013ESP-A-CC1-200,2016-08-22 13:02:52,2016-08-22
Lili,CC2013DEU-A-CC2-200,2014-07-20 12:16:00,2014-07-20
Lili,CC2013ITA-A-CC2-200,2014-08-19 08:44:05,2014-08-19
Lili,RE2014LVA-A-RE1-001,2015-08-04 09:43:46,2015-08-04
Lili,RE2014LVA-A-RE1-002,2015-08-04 09:43:50,2015-08-04
Lili,RE2014LVA-A-RE1-005,2015-08-04 09:43:56,2015-08-04
Lili,RE2014LVA-A-RE1-010,2015-08-04 09:44:01,2015-08-04
Lili,RE2014LVA-A-RE1-020,2016-01-19 08:21:09,2016-01-19
Lili,RE2014LVA-A-RE1-100,2019-04-25 16:39:36,2019-04-25
Lili,CC2013NLD-A-CC2-200,2015-01-25 22:24:24,2015-01-25
Lili,CC2014BEL-A-CC1-200,2016-01-19 16:57:27,2016-01-19
Lili,CC2014DEU-A-CC1-200,2016-10-24 13:13:31,2016-10-24
Lili,CC2014NLD-A-CC1-200,2015-01-25 22:25:17,2015-01-25
Lili,CC2014SVN-A-CC1-200,2017-07-24 09:16:08,2017-07-24
Lili,RE2014NLD-A-RE2-005,2015-01-25 22:25:45,2015-01-25
Lili,RE2014NLD-A-RE2-010,2015-01-25 22:26:32,2015-01-25
Lili,RE2014NLD-A-RE2-020,2016-01-19 08:21:01,2016-01-19
Lili,RE2014NLD-A-RE2-050,2016-01-19 08:21:24,2016-01-19
Lili,RE2014NLD-A-RE2-100,2016-04-10 08:04:37,2016-04-10
Lili,RE2014NLD-A-RE2-200,2015-01-25 22:24:55,2015-01-25
Lili,RE2015LTU-A-RE1-020,2019-11-25 19:55:30,2019-11-25
Lili,RE2015LTU-A-RE1-100,2015-08-04 09:44:24,2015-08-04
Lili,RE2015LTU-A-RE1-200,2019-04-25 14:51:06,2019-04-25
Lili,RE2014BEL-A-RE3-005,2015-10-01 10:42:58,2015-10-01
Lili,CC2015DEU-A-CC1-200,2015-05-25 09:22:20,2015-05-25
Lili,CC2015DEU-A-CC2-200,2015-04-13 22:05:28,2015-04-13
Lili,CC2015AUT-A-EUF-200,2017-07-24 09:09:33,2017-07-24
Lili,CC2015DEU-A-EUF-200,2018-05-02 13:48:05,2018-05-02
Lili,CC2015NLD-A-EUF-200,2016-04-10 08:03:12,2016-04-10
Lili,CC2016AUT-A-CC1-200,2017-11-29 10:56:16,2017-11-29
Lili,CC2016DEU-A-CC1-200,2017-07-24 09:10:50,2017-07-24
Lili,CC2016SVN-A-CC1-200,2017-07-24 09:09:46,2017-07-24
Lili,CC2017DEU-A-CC1-200,2019-08-24 10:14:57,2019-08-24
Lili,RE2015ESP-A-RE3-100,2017-12-13 08:53:50,2017-12-13
Lili,CC2016GRC-A-CC1-200,2023-09-06 08:45:49,2023-09-06
Lili,CC2017FRA-A-CC2-200,2023-04-17 15:11:27,2023-04-17
Lili,CC2018DEU-A-CC1-200,2018-08-22 10:44:10,2018-08-22
Lili,CC2018FRA-A-CC2-200,2023-10-24 23:16:39,2023-10-24
Lili,CC2019DEU-A-CC2-200,2023-04-17 14:55:54,2023-04-17
Marina,RE2002AUT-A-RE1-001,2010-11-01 09:51:34,2010-11-01
Marina,RE2002AUT-A-RE1-002,2010-11-22 10:54:12,2010-11-22
Marina,RE2002AUT-A-RE1-005,2010-11-10 10:55:01,2010-11-10
Marina,RE2002AUT-A-RE1-010,2010-10-21 00:00:01,2010-10-21
Marina,RE2002AUT-A-RE1-020,2010-10-21 00:00:01,2010-10-21
Marina,RE2002AUT-A-RE1-050,2010-11-29 10:26:45,2010-11-29
Marina,RE2002AUT-A-RE1-100,2010-11-29 10:27:16,2010-11-29
Marina,RE2002AUT-A-RE1-200,2010-11-22 10:58:36,2010-11-22
Marina,RE1999BEL-A-RE1-001,2011-03-28 14:24:47,2011-03-28
Marina,RE1999BEL-A-RE1-002,2011-03-28 14:25:08,2011-03-28
Marina,RE1999BEL-A-RE1-005,2011-03-28 14:25:20,2011-03-28
Marina,RE1999BEL-A-RE1-010,2011-03-28 14:29:33,2011-03-28
Marina,RE1999BEL-A-RE1-020,2010-11-29 10:27:45,2010-11-29
Marina,RE1999BEL-A-RE1-050,2011-03-28 14:25:58,2011-03-28
Marina,RE1999BEL-A-RE1-100,2010-10-21 00:00:01,2010-10-21
Marina,RE1999BEL-A-RE1-200,2010-10-29 10:07:11,2010-10-29
Marina,RE2008BEL-A-RE2-001,2011-03-28 14:24:50,2011-03-28
Marina,RE2008BEL-A-RE2-002,2011-04-18 14:34:54,2011-04-18
Marina,RE2008BEL-A-RE2-005,2011-03-28 14:25:23,2011-03-28
Marina,RE2008BEL-A-RE2-010,2011-03-28 13:42:34,2011-03-28
Marina,RE2008BEL-A-RE2-020,2011-03-28 14:25:36,2011-03-28
Marina,RE2008BEL-A-RE2-050,2011-03-28 14:26:02,2011-03-28
Marina,RE2008BEL-A-RE2-100,2012-04-09 11:50:57,2012-04-09
Marina,RE2008BEL-A-RE2-200,2010-12-11 10:16:43,2010-12-11
Marina,RE2008CYP-A-RE1-001,2011-04-18 14:32:40,2011-04-18
Marina,RE2008CYP-A-RE1-002,2011-04-18 14:34:21,2011-04-18
Marina,RE2008CYP-A-RE1-005,2011-04-18 14:35:56,2011-04-18
Marina,RE2008CYP-A-RE1-010,2011-04-18 14:36:32,2011-04-18
Marina,RE2008CYP-A-RE1-020,2011-04-18 14:37:17,2011-04-18
Marina,RE2008CYP-A-RE1-050,2011-04-18 14:37:30,2011-04-18
Marina,RE2008CYP-A-RE1-100,2012-06-26 10:27:33,2012-06-26
Marina,RE2008CYP-A-RE1-200,2010-11-23 10:32:16,2010-11-23
Marina,RE1999FIN-A-RE1-005,2012-10-26 17:43:43,2012-10-26
Marina,RE1999FIN-A-RE1-010,2014-06-04 15:57:08,2014-06-04
Marina,RE1999FIN-A-RE1-020,2011-02-15 10:36:40,2011-02-15
Marina,RE1999FIN-A-RE1-050,2012-06-18 10:44:11,2012-06-18
Marina,RE1999FIN-A-RE1-100,2010-11-01 11:02:07,2010-11-01
Marina,RE1999FIN-A-RE1-200,2011-06-13 13:03:58,2011-06-13
Marina,RE2007FIN-A-RE2-001,2011-04-18 14:32:54,2011-04-18
Marina,RE2007FIN-A-RE2-002,2011-04-18 14:34:31,2011-04-18
Marina,RE2007FIN-A-RE2-005,2011-04-18 14:35:50,2011-04-18
Marina,RE2007FIN-A-RE2-010,2011-04-18 14:36:15,2011-04-18
Marina,RE2007FIN-A-RE2-020,2011-04-18 14:37:03,2011-04-18
Marina,RE2007FIN-A-RE2-050,2011-04-18 14:37:50,2011-04-18
Marina,RE2007FIN-A-RE2-100,2011-04-18 14:38:11,2011-04-18
Marina,RE2007FIN-A-RE2-200,2011-04-18 14:38:23,2011-04-18
Marina,RE1999FRA-A-RE1-001,2010-12-20 11:39:13,2010-12-20
Marina,RE1999FRA-A-RE1-002,2010-12-20 11:39:23,2010-12-20
Marina,RE1999FRA-A-RE1-005,2010-11-11 10:34:19,2010-11-11
Marina,RE1999FRA-A-RE1-010,2010-11-01 09:52:54,2010-11-01
Marina,RE1999FRA-A-RE1-020,2010-11-29 10:26:04,2010-11-29
Marina,RE1999FRA-A-RE1-050,2010-10-29 10:05:37,2010-10-29
Marina,RE1999FRA-A-RE1-100,2010-11-10 10:55:44,2010-11-10
Marina,RE1999FRA-A-RE1-200,2010-11-22 10:58:50,2010-11-22
Marina,RE1999DEU-A-RE1-001,2010-10-25 10:01:59,2010-10-25
Marina,RE1999DEU-A-RE1-002,2010-10-25 10:02:14,2010-10-25
Marina,RE1999DEU-A-RE1-005,2010-10-24 19:31:35,2010-10-24
Marina,RE1999DEU-A-RE1-010,2010-10-21 00:00:01,2010-10-21
Marina,RE1999DEU-A-RE1-020,2010-10-27 17:43:23,2010-10-27
Marina,RE1999DEU-A-RE1-050,2010-10-29 10:05:50,2010-10-29
Marina,RE1999DEU-A-RE1-100,2010-10-29 10:06:20,2010-10-29
Marina,RE1999DEU-A-RE1-200,2010-10-29 10:07:20,2010-10-29
Marina,RE2002GRC-A-RE1-001,2010-11-22 10:53:52,2010-11-22
Marina,RE2002GRC-A-RE1-002,2010-10-21 00:00:01,2010-10-21
Marina,RE2002GRC-A-RE1-005,2010-11-11 10:34:36,2010-11-11
Marina,RE2002GRC-A-RE1-010,2010-10-25 10:02:28,2010-10-25
Marina,RE2002GRC-A-RE1-020,2010-10-21 00:00:01,2010-10-21
Marina,RE2002GRC-A-RE1-050,2010-11-01 09:53:32,2010-11-01
Marina,RE2002GRC-A-RE1-100,2010-10-25 10:02:48,2010-10-25
Marina,RE2002GRC-A-RE1-200,2011-03-07 10:15:49,2011-03-07
Marina,RE2002IRL-A-RE1-001,2011-04-18 14:33:06,2011-04-18
Marina,RE2002IRL-A-RE1-002,2011-04-18 14:34:03,2011-04-18
Marina,RE2002IRL-A-RE1-005,2010-11-22 11:06:12,2010-11-22
Marina,RE2002IRL-A-RE1-010,2010-11-03 15:40:36,2010-11-03
Marina,RE2002IRL-A-RE1-020,2011-04-18 14:37:12,2011-04-18
Marina,RE2002IRL-A-RE1-050,2011-03-22 13:34:08,2011-03-22
Marina,RE2002IRL-A-RE1-100,2011-05-16 22:13:50,2011-05-16
Marina,RE2002IRL-A-RE1-200,2011-03-23 10:30:46,2011-03-23
Marina,RE1999ITA-A-RE1-001,2010-11-22 22:33:56,2010-11-22
Marina,RE1999ITA-A-RE1-002,2010-10-23 22:35:45,2010-10-23
Marina,RE1999ITA-A-RE1-005,2010-11-01 09:52:34,2010-11-01
Marina,RE1999ITA-A-RE1-010,2010-10-21 00:00:01,2010-10-21
Marina,RE1999ITA-A-RE1-020,2010-10-21 00:00:01,2010-10-21
Marina,RE1999ITA-A-RE1-050,2010-10-23 22:37:56,2010-10-23
Marina,RE1999ITA-A-RE1-100,2010-10-21 00:00:01,2010-10-21
Marina,RE1999ITA-A-RE1-200,2010-11-10 10:56:26,2010-11-10
Marina,RE2002LUX-A-RE1-001,2011-04-18 14:33:15,2011-04-18
Marina,RE2002LUX-A-RE1-002,2011-04-18 14:35:00,2011-04-18
Marina,RE2002LUX-A-RE1-005,2011-04-18 14:35:13,2011-04-18
Marina,RE2002LUX-A-RE1-010,2011-04-19 11:51:37,2011-04-19
Marina,RE2002LUX-A-RE1-020,2010-11-29 10:28:19,2010-11-29
Marina,RE2002LUX-A-RE1-050,2011-04-18 14:37:45,2011-04-18
Marina,RE2002LUX-A-RE1-100,2011-11-18 11:54:40,2011-11-18
Marina,RE2002LUX-A-RE1-200,2011-06-27 10:26:42,2011-06-27
Marina,RE2008MLT-A-RE1-001,2011-04-18 14:33:22,2011-04-18
Marina,RE2008MLT-A-RE1-002,2011-04-18 14:33:46,2011-04-18
Marina,RE2008MLT-A-RE1-005,2011-04-18 14:35:21,2011-04-18
Marina,RE2008MLT-A-RE1-010,2010-10-24 19:32:54,2010-10-24
Marina,RE2008MLT-A-RE1-020,2011-04-18 14:36:49,2011-04-18
Marina,RE2008MLT-A-RE1-050,2011-04-18 14:37:38,2011-04-18
Marina,RE2008MLT-A-RE1-100,2013-01-04 10:28:51,2013-01-04
Marina,RE2008MLT-A-RE1-200,2011-04-19 11:51:16,2011-04-19
Marina,RE1999NLD-A-RE1-001,2010-11-22 10:54:04,2010-11-22
Marina,RE1999NLD-A-RE1-002,2010-11-22 10:54:25,2010-11-22
Marina,RE1999NLD-A-RE1-005,2010-11-01 09:54:20,2010-11-01
Marina,RE1999NLD-A-RE1-010,2011-02-28 10:39:14,2011-02-28
Marina,RE1999NLD-A-RE1-020,2010-11-22 10:54:37,2010-11-22
Marina,RE1999NLD-A-RE1-050,2010-12-11 10:17:31,2010-12-11
Marina,RE1999NLD-A-RE1-100,2011-02-28 10:39:38,2011-02-28
Marina,RE1999NLD-A-RE1-200,2010-11-25 11:18:02,2010-11-25
Marina,RE2002PRT-A-RE1-001,2011-04-18 14:33:28,2011-04-18
Marina,RE2002PRT-A-RE1-002,2011-04-18 14:34:41,2011-04-18
Marina,RE2002PRT-A-RE1-005,2011-01-20 17:53:54,2011-01-20
Marina,RE2002PRT-A-RE1-010,2011-03-07 10:16:16,2011-03-07
Marina,RE2002PRT-A-RE1-020,2011-04-18 14:36:56,2011-04-18
Marina,RE2002PRT-A-RE1-050,2011-03-28 14:26:10,2011-03-28
Marina,RE2002PRT-A-RE1-100,2010-11-12 14:22:20,2010-11-12
Marina,RE2002PRT-A-RE1-200,2011-11-18 12:25:03,2011-11-18
Marina,RE2006SMR-A-RE1-001,2011-10-27 17:02:23,2011-10-27
Marina,RE2006SMR-A-RE1-002,2011-10-27 17:02:51,2011-10-27
Marina,RE2006SMR-A-RE1-020,2012-05-09 16:21:08,2012-05-09
Marina,RE2006SMR-A-RE1-050,2013-01-04 10:28:40,2013-01-04
Marina,RE2006SMR-A-RE1-100,2016-08-22 23:32:24,2016-08-22
Marina,RE2009SVK-A-RE1-001,2011-10-27 17:02:33,2011-10-27
Marina,RE2009SVK-A-RE1-002,2017-03-19 20:03:49,2017-03-19
Marina,RE2009SVK-A-RE1-005,2011-10-27 17:03:02,2011-10-27
Marina,RE2009SVK-A-RE1-010,2013-06-20 15:05:35,2013-06-20
Marina,RE2009SVK-A-RE1-020,2011-09-25 23:55:30,2011-09-25
Marina,RE2009SVK-A-RE1-050,2011-09-02 10:35:42,2011-09-02
Marina,RE2009SVK-A-RE1-100,2011-10-27 17:03:17,2011-10-27
Marina,RE2009SVK-A-RE1-200,2011-05-05 14:17:02,2011-05-05
Marina,RE2007SVN-A-RE1-001,2012-05-09 16:17:51,2012-05-09
Marina,RE2007SVN-A-RE1-002,2012-02-14 18:31:43,2012-02-14
Marina,RE2007SVN-A-RE1-005,2012-05-09 16:19:58,2012-05-09
Marina,RE2007SVN-A-RE1-010,2011-10-26 10:38:29,2011-10-26
Marina,RE2007SVN-A-RE1-020,2012-04-09 11:50:37,2012-04-09
Marina,RE2007SVN-A-RE1-050,2012-09-10 14:06:51,2012-09-10
Marina,RE2007SVN-A-RE1-100,2012-03-09 13:37:36,2012-03-09
Marina,RE2007SVN-A-RE1-200,2017-08-13 23:44:40,2017-08-13
Marina,RE1999ESP-A-RE1-001,2010-11-22 10:53:58,2010-11-22
Marina,RE1999ESP-A-RE1-002,2010-11-01 09:52:11,2010-11-01
Marina,RE1999ESP-A-RE1-005,2010-10-23 22:36:47,2010-10-23
Marina,RE1999ESP-A-RE1-010,2010-11-01 09:53:15,2010-11-01
Marina,RE1999ESP-A-RE1-020,2010-10-29 10:05:01,2010-10-29
Marina,RE1999ESP-A-RE1-050,2010-10-29 10:06:02,2010-10-29
Marina,RE1999ESP-A-RE1-100,2010-10-23 22:38:42,2010-10-23
Marina,RE1999ESP-A-RE1-200,2010-11-22 11:27:41,2010-11-22
Marina,RE2014ESP-A-RE2-001,2012-02-22 13:37:41,2012-02-22
Marina,RE2014ESP-A-RE2-002,2013-07-09 10:07:48,2013-07-09
Marina,RE2014ESP-A-RE2-005,2011-09-25 23:56:25,2011-09-25
Marina,RE2014ESP-A-RE2-010,2016-05-30 19:50:51,2016-05-30
Marina,RE2014ESP-A-RE2-020,2016-10-14 16:15:30,2016-10-14
Marina,RE2014ESP-A-RE2-050,2012-02-22 13:44:52,2012-02-22
Marina,RE2014ESP-A-RE2-100,2016-09-03 00:36:52,2016-09-03
Marina,RE2014ESP-A-RE2-200,2016-08-28 00:34:04,2016-08-28
Marina,RE2006VAT-A-RE3-050,2011-06-27 13:07:54,2011-06-27
Marina,RE2011EST-A-RE1-001,2011-03-21 10:21:52,2011-03-21
Marina,RE2011EST-A-RE1-002,2011-03-21 10:21:57,2011-03-21
Marina,RE2011EST-A-RE1-005,2011-04-18 14:35:40,2011-04-18
Marina,RE2011EST-A-RE1-010,2011-02-15 10:35:03,2011-02-15
Marina,RE2011EST-A-RE1-020,2011-02-15 10:35:08,2011-02-15
Marina,RE2011EST-A-RE1-050,2011-06-30 17:44:53,2011-06-30
Marina,RE2011EST-A-RE1-100,2011-03-21 10:22:01,2011-03-21
Marina,CC2004GRC-A-CC1-200,2011-09-02 10:37:12,2011-09-02
Marina,CC2004ITA-A-CC1-200,2012-05-09 16:25:53,2012-05-09
Marina,CC2005AUT-A-CC1-200,2023-06-02 16:49:15,2023-06-02
Marina,CC2005ESP-A-CC1-200,2013-02-12 23:22:09,2013-02-12
Marina,CC2006DEU-A-CC1-200,2012-05-09 16:28:12,2012-05-09
Marina,CC2006ITA-A-CC1-200,2013-01-04 10:33:01,2013-01-04
Marina,CC2007DEU-A-CC1-200,2010-11-22 10:58:15,2010-11-22
Marina,CC2007AUT-A-TOR-200,2012-05-09 16:23:43,2012-05-09
Marina,CC2007FRA-A-TOR-200,2011-05-17 10:28:26,2011-05-17
Marina,CC2007DEU-A-TOR-200,2011-04-08 14:36:38,2011-04-08
Marina,CC2007IRL-A-TOR-200,2017-02-10 10:44:59,2017-02-10
Marina,CC2007ITA-A-TOR-200,2016-08-28 00:24:38,2016-08-28
Marina,CC2008BEL-A-CC1-200,2016-02-08 10:43:10,2016-02-08
Marina,CC2008FRA-A-CC1-200,2013-01-04 10:31:54,2013-01-04
Marina,CC2008DEU-A-CC1-200,2010-11-22 10:58:22,2010-11-22
Marina,CC2008ITA-A-CC1-200,2013-01-04 10:33:27,2013-01-04
Marina,CC2009DEU-A-CC1-200,2011-10-20 18:29:23,2011-10-20
Marina,CC2009ITA-A-CC1-200,2014-08-19 10:22:27,2014-08-19
Marina,CC2009AUT-A-EMU-200,2013-07-09 10:08:33,2013-07-09
Marina,CC2009BEL-A-EMU-200,2011-06-27 10:25:33,2011-06-27
Marina,CC2009FRA-A-EMU-200,2011-09-02 10:04:36,2011-09-02
Marina,CC2009DEU-A-EMU-200,2012-11-06 17:27:52,2012-11-06
Marina,CC2009GRC-A-EMU-200,2012-09-08 23:15:52,2012-09-08
Marina,CC2009ITA-A-EMU-200,2023-09-11 12:03:17,2023-09-11
Marina,CC2010BEL-A-CC1-200,2013-01-04 10:31:09,2013-01-04
Marina,CC2010FRA-A-CC1-200,2010-12-11 10:17:02,2010-12-11
Marina,CC2010DEU-A-CC1-200,2011-01-20 17:56:15,2011-01-20
Marina,CC2010GRC-A-CC1-200,2012-05-09 16:27:52,2012-05-09
Marina,CC2011FRA-A-CC1-200,2016-07-27 10:04:40,2016-07-27
Marina,CC2011DEU-A-CC1-200,2013-01-04 10:30:26,2013-01-04
Marina,CC2011ITA-A-CC1-200,2013-01-04 10:32:27,2013-01-04
Marina,CC2011ESP-A-CC1-200,2012-05-09 16:27:22,2012-05-09
Marina,CC2012BEL-A-CC1-200,2014-12-17 23:46:09,2014-12-17
Marina,CC2012DEU-A-CC1-200,2013-06-03 11:19:42,2013-06-03
Marina,CC2012AUT-A-TYE-200,2013-07-09 10:08:17,2013-07-09
Marina,CC2012CYP-A-TYE-200,2023-06-28 23:18:08,2023-06-28
Marina,CC2012FRA-A-TYE-200,2012-06-24 20:55:47,2012-06-24
Marina,CC2012DEU-A-TYE-200,2015-09-07 11:35:19,2015-09-07
Marina,CC2012GRC-A-TYE-200,2013-07-21 15:57:09,2013-07-21
Marina,CC2012ITA-A-TYE-200,2017-05-05 13:27:21,2017-05-05
Marina,CC2013DEU-A-CC1-200,2013-05-08 11:54:04,2013-05-08
Marina,CC2013ITA-A-CC1-200,2016-08-28 00:25:29,2016-08-28
Marina,CC2013NLD-A-CC1-200,2016-01-19 09:47:29,2016-01-19
Marina,CC2013ITA-A-CC2-200,2015-04-14 14:12:45,2015-04-14
Marina,RE2014LVA-A-RE1-001,2015-08-04 10:09:22,2015-08-04
Marina,RE2014LVA-A-RE1-002,2015-08-04 10:09:39,2015-08-04
Marina,RE2014LVA-A-RE1-005,2016-01-19 09:48:18,2016-01-19
Marina,RE2014LVA-A-RE1-010,2015-08-04 10:09:52,2015-08-04
Marina,RE2014LVA-A-RE1-020,2016-10-12 23:15:40,2016-10-12
Marina,RE2014LVA-A-RE1-100,2017-06-05 13:51:08,2017-06-05
Marina,RE2014LVA-A-RE1-200,2017-03-27 11:41:51,2017-03-27
Marina,CC2013NLD-A-CC2-200,2015-01-26 10:42:22,2015-01-26
Marina,CC2014FRA-A-CC1-200,2017-11-25 23:46:04,2017-11-25
Marina,CC2014DEU-A-CC1-200,2015-10-01 10:35:22,2015-10-01
Marina,RE2014NLD-A-RE2-005,2015-01-26 10:42:38,2015-01-26
Marina,RE2014NLD-A-RE2-010,2016-01-19 09:48:03,2016-01-19
Marina,RE2014NLD-A-RE2-100,2018-04-14 22:55:58,2018-04-14
Marina,CC2014ESP-A-CC2-200,2017-11-25 13:12:27,2017-11-25
Marina,RE2015LTU-A-RE1-001,2017-04-30 15:02:03,2017-04-30
Marina,RE2015LTU-A-RE1-002,2017-04-30 15:02:11,2017-04-30
Marina,RE2015LTU-A-RE1-010,2018-12-06 11:54:46,2018-12-06
Marina,RE2015LTU-A-RE1-020,2016-08-28 00:28:12,2016-08-28
Marina,RE2015LTU-A-RE1-100,2019-05-13 09:47:35,2019-05-13
Marina,RE2015LTU-A-RE1-200,2016-10-16 00:45:19,2016-10-16
Marina,RE2014BEL-A-RE3-005,2015-01-26 10:44:19,2015-01-26
Marina,RE2014BEL-A-RE3-050,2017-12-06 20:10:44,2017-12-06
Marina,CC2015DEU-A-CC1-200,2015-10-01 10:35:03,2015-10-01
Marina,CC2015DEU-A-CC2-200,2015-06-05 13:34:36,2015-06-05
Marina,CC2015AUT-A-EUF-200,2017-12-13 10:54:35,2017-12-13
Marina,CC2015DEU-A-EUF-200,2016-10-11 10:45:37,2016-10-11
Marina,CC2016AUT-A-CC1-200,2017-03-19 20:00:49,2017-03-19
Marina,CC2016DEU-A-CC1-200,2017-04-03 08:51:29,2017-04-03
Marina,CC2016IRL-A-CC1-200,2018-04-14 11:17:14,2018-04-14
Marina,CC2017DEU-A-CC1-200,2019-05-13 09:50:52,2019-05-13
Marina,RE2015ESP-A-RE3-100,2017-03-27 11:40:58,2017-03-27
Marina,CC2016FRA-A-CC1-200,2018-09-23 11:41:51,2018-09-23
Marina,CC2016FIN-A-CC2-200,2017-06-05 13:52:04,2017-06-05
Marina,RE2014AND-A-RE1-002,2019-10-30 07:07:15,2019-10-30
Marina,RE2014AND-A-RE1-020,2019-10-30 07:07:32,2019-10-30
Marina,CC2018DEU-A-CC1-200,2018-07-18 11:22:56,2018-07-18
Marina,CC2018DEU-A-CC2-200,2019-09-10 08:55:50,2019-09-10
Marina,CC2019DEU-A-CC1-200,2019-04-19 09:37:21,2019-04-19
Niki,RE2002AUT-A-RE1-001,2010-10-21 00:00:01,2010-10-21
Niki,RE2002AUT-A-RE1-002,2010-10-21 00:00:01,2010-10-21
Niki,RE2002AUT-A-RE1-005,2010-10-21 00:00:01,2010-10-21
Niki,RE2002AUT-A-RE1-010,2010-10-21 00:00:01,2010-10-21
Niki,RE2002AUT-A-RE1-020,2010-10-29 20:33:45,2010-10-29
Niki,RE2002AUT-A-RE1-050,2010-10-21 00:00:01,2010-10-21
Niki,RE2002AUT-A-RE1-100,2010-10-29 20:34:37,2010-10-29
Niki,RE2002AUT-A-RE1-200,2010-11-22 10:57:09,2010-11-22
Niki,RE1999BEL-A-RE1-001,2011-03-25 21:35:17,2011-03-25
Niki,RE1999BEL-A-RE1-002,2010-12-22 19:05:36,2010-12-22
Niki,RE1999BEL-A-RE1-005,2010-11-22 11:06:25,2010-11-22
Niki,RE1999BEL-A-RE1-010,2010-10-29 10:05:59,2010-10-29
Niki,RE1999BEL-A-RE1-020,2010-11-28 18:44:57,2010-11-28
Niki,RE1999BEL-A-RE1-050,2010-11-28 18:43:20,2010-11-28
Niki,RE1999BEL-A-RE1-100,2010-10-25 09:24:29,2010-10-25
Niki,RE1999BEL-A-RE1-200,2010-10-29 10:05:41,2010-10-29
Niki,RE2008BEL-A-RE2-001,2011-03-25 21:35:34,2011-03-25
Niki,RE2008BEL-A-RE2-002,2011-03-25 21:36:08,2011-03-25
Niki,RE2008BEL-A-RE2-005,2011-03-24 21:55:04,2011-03-24
Niki,RE2008BEL-A-RE2-010,2010-11-28 18:45:46,2010-11-28
Niki,RE2008BEL-A-RE2-020,2011-03-25 21:38:40,2011-03-25
Niki,RE2008BEL-A-RE2-050,2011-03-24 21:57:43,2011-03-24
Niki,RE2008BEL-A-RE2-100,2011-03-24 21:58:55,2011-03-24
Niki,RE2008BEL-A-RE2-200,2011-03-24 21:59:37,2011-03-24
Niki,RE2008CYP-A-RE1-001,2011-04-05 09:08:17,2011-04-05
Niki,RE2008CYP-A-RE1-002,2011-04-05 09:08:21,2011-04-05
Niki,RE2008CYP-A-RE1-005,2011-03-24 21:55:32,2011-03-24
Niki,RE2008CYP-A-RE1-010,2010-10-29 20:32:54,2010-10-29
Niki,RE2008CYP-A-RE1-020,2010-10-29 20:34:08,2010-10-29
Niki,RE2008CYP-A-RE1-050,2011-04-05 09:08:29,2011-04-05
Niki,RE2008CYP-A-RE1-100,2011-04-05 09:08:33,2011-04-05
Niki,RE2008CYP-A-RE1-200,2011-04-19 11:51:44,2011-04-19
Niki,RE1999FIN-A-RE1-001,2011-04-05 09:08:55,2011-04-05
Niki,RE1999FIN-A-RE1-002,2011-04-05 09:08:58,2011-04-05
Niki,RE1999FIN-A-RE1-005,2011-04-05 09:09:01,2011-04-05
Niki,RE1999FIN-A-RE1-010,2011-04-05 09:09:05,2011-04-05
Niki,RE1999FIN-A-RE1-020,2010-10-25 09:33:11,2010-10-25
Niki,RE1999FIN-A-RE1-050,2011-02-14 18:55:49,2011-02-14
Niki,RE1999FIN-A-RE1-100,2010-11-10 10:51:46,2010-11-10
Niki,RE1999FIN-A-RE1-200,2010-11-28 18:41:51,2010-11-28
Niki,RE2007FIN-A-RE2-001,2011-03-31 09:19:17,2011-03-31
Niki,RE2007FIN-A-RE2-002,2011-03-31 09:19:20,2011-03-31
Niki,RE2007FIN-A-RE2-005,2011-03-31 09:19:23,2011-03-31
Niki,RE2007FIN-A-RE2-010,2011-02-14 18:56:23,2011-02-14
Niki,RE2007FIN-A-RE2-020,2011-03-31 09:19:26,2011-03-31
Niki,RE2007FIN-A-RE2-050,2011-03-31 09:19:29,2011-03-31
Niki,RE2007FIN-A-RE2-100,2011-03-31 09:19:33,2011-03-31
Niki,RE2007FIN-A-RE2-200,2011-03-31 09:19:36,2011-03-31
Niki,RE1999FRA-A-RE1-001,2010-10-21 00:00:01,2010-10-21
Niki,RE1999FRA-A-RE1-002,2010-10-21 00:00:01,2010-10-21
Niki,RE1999FRA-A-RE1-005,2010-10-21 00:00:01,2010-10-21
Niki,RE1999FRA-A-RE1-010,2010-10-21 00:00:01,2010-10-21
Niki,RE1999FRA-A-RE1-020,2010-10-21 00:00:01,2010-10-21
Niki,RE1999FRA-A-RE1-050,2010-10-29 20:35:26,2010-10-29
Niki,RE1999FRA-A-RE1-100,2010-10-21 00:00:01,2010-10-21
Niki,RE1999FRA-A-RE1-200,2010-10-29 20:35:01,2010-10-29
Niki,RE1999DEU-A-RE1-001,2010-10-21 00:00:01,2010-10-21
Niki,RE1999DEU-A-RE1-002,2010-10-21 00:00:01,2010-10-21
Niki,RE1999DEU-A-RE1-005,2010-10-21 00:00:01,2010-10-21
Niki,RE1999DEU-A-RE1-010,2010-10-24 20:24:20,2010-10-24
Niki,RE1999DEU-A-RE1-020,2010-10-24 20:24:53,2010-10-24
Niki,RE1999DEU-A-RE1-050,2010-10-21 00:00:01,2010-10-21
Niki,RE1999DEU-A-RE1-100,2010-10-24 20:25:18,2010-10-24
Niki,RE1999DEU-A-RE1-200,2010-10-29 10:17:04,2010-10-29
Niki,RE2002GRC-A-RE1-001,2010-10-21 00:00:01,2010-10-21
Niki,RE2002GRC-A-RE1-002,2010-10-21 00:00:01,2010-10-21
Niki,RE2002GRC-A-RE1-005,2010-11-22 10:56:40,2010-11-22
Niki,RE2002GRC-A-RE1-010,2010-10-21 00:00:01,2010-10-21
Niki,RE2002GRC-A-RE1-020,2010-10-21 00:00:01,2010-10-21
Niki,RE2002GRC-A-RE1-050,2010-10-21 00:00:01,2010-10-21
Niki,RE2002GRC-A-RE1-100,2010-10-21 00:00:01,2010-10-21
Niki,RE2002GRC-A-RE1-200,2010-10-21 00:00:01,2010-10-21
Niki,RE2002IRL-A-RE1-001,2011-03-26 20:47:00,2011-03-26
Niki,RE2002IRL-A-RE1-002,2011-04-05 09:09:24,2011-04-05
Niki,RE2002IRL-A-RE1-005,2011-04-05 09:09:29,2011-04-05
Niki,RE2002IRL-A-RE1-010,2010-10-21 00:00:01,2010-10-21
Niki,RE2002IRL-A-RE1-020,2011-03-25 21:39:51,2011-03-25
Niki,RE2002IRL-A-RE1-050,2011-03-22 13:35:07,2011-03-22
Niki,RE2002IRL-A-RE1-100,2010-11-09 09:19:47,2010-11-09
Niki,RE2002IRL-A-RE1-200,2010-11-28 18:42:00,2010-11-28
Niki,RE1999ITA-A-RE1-001,2010-10-21 00:00:01,2010-10-21
Niki,RE1999ITA-A-RE1-002,2010-10-21 00:00:01,2010-10-21
Niki,RE1999ITA-A-RE1-005,2010-10-21 00:00:01,2010-10-21
Niki,RE1999ITA-A-RE1-010,2010-10-21 00:00:01,2010-10-21
Niki,RE1999ITA-A-RE1-020,2010-10-21 00:00:01,2010-10-21
Niki,RE1999ITA-A-RE1-050,2010-10-21 00:00:01,2010-10-21
Niki,RE1999ITA-A-RE1-100,2010-10-21 00:00:01,2010-10-21
Niki,RE1999ITA-A-RE1-200,2010-10-21 00:00:01,2010-10-21
Niki,RE2002LUX-A-RE1-001,2011-04-05 09:09:44,2011-04-05
Niki,RE2002LUX-A-RE1-002,2010-11-28 18:46:01,2010-11-28
Niki,RE2002LUX-A-RE1-005,2011-04-05 09:09:49,2011-04-05
Niki,RE2002LUX-A-RE1-010,2011-04-05 09:09:56,2011-04-05
Niki,RE2002LUX-A-RE1-020,2010-11-28 18:44:44,2010-11-28
Niki,RE2002LUX-A-RE1-050,2011-03-25 21:41:12,2011-03-25
Niki,RE2002LUX-A-RE1-100,2011-04-05 09:10:02,2011-04-05
Niki,RE2002LUX-A-RE1-200,2010-11-28 18:41:21,2010-11-28
Niki,RE2008MLT-A-RE1-001,2011-04-05 09:10:30,2011-04-05
Niki,RE2008MLT-A-RE1-002,2011-04-05 09:10:34,2011-04-05
Niki,RE2008MLT-A-RE1-005,2011-04-05 09:10:36,2011-04-05
Niki,RE2008MLT-A-RE1-010,2011-03-23 10:27:01,2011-03-23
Niki,RE2008MLT-A-RE1-020,2011-03-23 10:26:48,2011-03-23
Niki,RE2008MLT-A-RE1-050,2011-04-05 09:10:49,2011-04-05
Niki,RE2008MLT-A-RE1-100,2011-03-23 10:26:39,2011-03-23
Niki,RE2008MLT-A-RE1-200,2011-04-05 09:10:54,2011-04-05
Niki,RE1999NLD-A-RE1-001,2010-10-21 00:00:01,2010-10-21
Niki,RE1999NLD-A-RE1-002,2010-11-22 10:56:48,2010-11-22
Niki,RE1999NLD-A-RE1-005,2010-10-21 00:00:01,2010-10-21
Niki,RE1999NLD-A-RE1-010,2010-10-21 00:00:01,2010-10-21
Niki,RE1999NLD-A-RE1-020,2010-11-11 10:34:37,2010-11-11
Niki,RE1999NLD-A-RE1-050,2010-11-28 18:43:32,2010-11-28
Niki,RE1999NLD-A-RE1-100,2010-12-20 09:23:50,2010-12-20
Niki,RE1999NLD-A-RE1-200,2010-11-28 18:41:06,2010-11-28
Niki,RE2002PRT-A-RE1-001,2011-04-05 09:11:06,2011-04-05
Niki,RE2002PRT-A-RE1-002,2011-04-05 09:11:09,2011-04-05
Niki,RE2002PRT-A-RE1-005,2011-03-24 21:55:59,2011-03-24
Niki,RE2002PRT-A-RE1-010,2010-11-28 18:45:37,2010-11-28
Niki,RE2002PRT-A-RE1-020,2011-03-24 21:56:54,2011-03-24
Niki,RE2002PRT-A-RE1-050,2011-03-24 21:57:19,2011-03-24
Niki,RE2002PRT-A-RE1-100,2011-03-25 21:42:02,2011-03-25
Niki,RE2002PRT-A-RE1-200,2010-11-28 18:41:32,2010-11-28
Niki,RE2006SMR-A-RE1-001,2011-04-02 15:50:21,2011-04-02
Niki,RE2006SMR-A-RE1-002,2011-04-02 15:50:25,2011-04-02
Niki,RE2006SMR-A-RE1-005,2011-04-02 15:50:28,2011-04-02
Niki,RE2006SMR-A-RE1-010,2011-04-02 15:50:32,2011-04-02
Niki,RE2006SMR-A-RE1-020,2011-04-02 15:50:35,2011-04-02
Niki,RE2006SMR-A-RE1-050,2011-04-02 15:50:39,2011-04-02
Niki,RE2006SMR-A-RE1-100,2011-04-02 15:50:43,2011-04-02
Niki,RE2006SMR-A-RE1-200,2011-04-02 15:50:47,2011-04-02
Niki,RE2009SVK-A-RE1-001,2011-03-26 20:47:33,2011-03-26
Niki,RE2009SVK-A-RE1-002,2011-04-18 14:30:38,2011-04-18
Niki,RE2009SVK-A-RE1-005,2011-04-11 09:35:04,2011-04-11
Niki,RE2009SVK-A-RE1-010,2012-05-03 09:00:19,2012-05-03
Niki,RE2009SVK-A-RE1-020,2011-02-24 13:34:35,2011-02-24
Niki,RE2009SVK-A-RE1-050,2011-09-02 10:15:33,2011-09-02
Niki,RE2009SVK-A-RE1-100,2011-10-15 09:33:53,2011-10-15
Niki,RE2009SVK-A-RE1-200,2011-03-07 09:55:01,2011-03-07
Niki,RE2007SVN-A-RE1-001,2011-04-18 14:30:46,2011-04-18
Niki,RE2007SVN-A-RE1-002,2011-04-18 14:30:52,2011-04-18
Niki,RE2007SVN-A-RE1-005,2012-12-26 15:12:33,2012-12-26
Niki,RE2007SVN-A-RE1-010,2011-10-20 10:42:39,2011-10-20
Niki,RE2007SVN-A-RE1-020,2011-06-13 12:56:25,2011-06-13
Niki,RE2007SVN-A-RE1-050,2010-11-28 18:43:44,2010-11-28
Niki,RE2007SVN-A-RE1-100,2011-06-13 12:56:31,2011-06-13
Niki,RE2007SVN-A-RE1-200,2012-02-23 08:59:13,2012-02-23
Niki,RE1999ESP-A-RE1-001,2010-10-21 00:00:01,2010-10-21
Niki,RE1999ESP-A-RE1-002,2010-10-21 00:00:01,2010-10-21
Niki,RE1999ESP-A-RE1-005,2010-10-21 00:00:01,2010-10-21
Niki,RE1999ESP-A-RE1-010,2010-10-21 00:00:01,2010-10-21
Niki,RE1999ESP-A-RE1-020,2010-10-21 00:00:01,2010-10-21
Niki,RE1999ESP-A-RE1-050,2010-10-21 00:00:01,2010-10-21
Niki,RE1999ESP-A-RE1-100,2010-10-25 14:36:57,2010-10-25
Niki,RE1999ESP-A-RE1-200,2010-10-21 00:00:01,2010-10-21
Niki,RE2014ESP-A-RE2-001,2012-02-22 12:35:16,2012-02-22
Niki,RE2014ESP-A-RE2-002,2012-02-22 12:35:20,2012-02-22
Niki,RE2014ESP-A-RE2-005,2012-02-22 12:35:23,2012-02-22
Niki,RE2014ESP-A-RE2-010,2012-02-22 12:35:27,2012-02-22
Niki,RE2014ESP-A-RE2-020,2012-02-22 12:35:31,2012-02-22
Niki,RE2014ESP-A-RE2-050,2012-02-22 12:35:35,2012-02-22
Niki,RE2014ESP-A-RE2-100,2012-02-22 12:35:39,2012-02-22
Niki,RE2014ESP-A-RE2-200,2012-02-22 12:35:42,2012-02-22
Niki,RE2006VAT-A-RE3-050,2011-03-29 13:46:52,2011-03-29
Niki,RE2011EST-A-RE1-001,2011-03-19 14:45:52,2011-03-19
Niki,RE2011EST-A-RE1-002,2011-02-14 18:56:41,2011-02-14
Niki,RE2011EST-A-RE1-005,2011-02-14 18:56:45,2011-02-14
Niki,RE2011EST-A-RE1-010,2011-02-14 18:56:48,2011-02-14
Niki,RE2011EST-A-RE1-020,2011-02-14 18:56:52,2011-02-14
Niki,RE2011EST-A-RE1-050,2011-02-14 18:56:56,2011-02-14
Niki,RE2011EST-A-RE1-100,2011-02-14 18:56:59,2011-02-14
Niki,RE2011EST-A-RE1-200,2011-03-19 14:46:04,2011-03-19
Niki,CC2004GRC-A-CC1-200,2010-10-21 00:00:01,2010-10-21
Niki,CC2004ITA-A-CC1-200,2011-06-13 12:57:13,2011-06-13
Niki,CC2004LUX-A-CC1-200,2011-10-31 15:55:03,2011-10-31
Niki,CC2005AUT-A-CC1-200,2011-10-31 15:55:11,2011-10-31
Niki,CC2005BEL-A-CC1-200,2011-10-31 15:55:29,2011-10-31
Niki,CC2005FIN-A-CC1-200,2011-10-31 15:55:38,2011-10-31
Niki,CC2005ITA-A-CC1-200,2011-10-31 15:55:54,2011-10-31
Niki,CC2005LUX-A-CC1-200,2011-10-31 15:56:06,2011-10-31
Niki,CC2005ESP-A-CC1-200,2011-10-31 15:56:15,2011-10-31
Niki,CC2006BEL-A-CC1-200,2011-10-31 15:56:24,2011-10-31
Niki,CC2006FIN-A-CC1-200,2011-10-31 15:56:35,2011-10-31
Niki,CC2006DEU-A-CC1-200,2010-11-22 11:06:47,2010-11-22
Niki,CC2006ITA-A-CC1-200,2011-10-31 15:56:44,2011-10-31
Niki,CC2006LUX-A-CC1-200,2011-01-14 09:05:31,2011-01-14
Niki,CC2007FIN-A-CC1-200,2011-10-31 15:56:58,2011-10-31
Niki,CC2007DEU-A-CC1-200,2010-11-22 10:57:49,2010-11-22
Niki,CC2007LUX-A-CC1-200,2011-01-14 09:05:13,2011-01-14
Niki,CC2007PRT-A-CC1-200,2011-10-31 15:57:06,2011-10-31
Niki,CC2007AUT-A-TOR-200,2012-04-26 16:32:40,2012-04-26
Niki,CC2007FRA-A-TOR-200,2012-12-26 15:10:59,2012-12-26
Niki,CC2007DEU-A-TOR-200,2010-11-28 18:42:34,2010-11-28
Niki,CC2007GRC-A-TOR-200,2011-10-18 13:43:19,2011-10-18
Niki,CC2007IRL-A-TOR-200,2012-12-26 15:11:28,2012-12-26
Niki,CC2007ITA-A-TOR-200,2012-12-26 15:11:47,2012-12-26
Niki,CC2007NLD-A-TOR-200,2012-12-26 15:10:41,2012-12-26
Niki,CC2007ESP-A-TOR-200,2011-10-18 13:43:34,2011-10-18
Niki,CC2008BEL-A-CC1-200,2011-03-24 22:00:34,2011-03-24
Niki,CC2008FIN-A-CC1-200,2011-01-14 09:03:43,2011-01-14
Niki,CC2008FRA-A-CC1-200,2012-06-16 08:47:44,2012-06-16
Niki,CC2008DEU-A-CC1-200,2010-11-22 10:57:39,2010-11-22
Niki,CC2008ITA-A-CC1-200,2011-06-13 12:57:04,2011-06-13
Niki,CC2008LUX-A-CC1-200,2011-01-14 09:05:04,2011-01-14
Niki,CC2008PRT-A-CC1-200,2011-01-14 09:06:07,2011-01-14
Niki,CC2008SVN-A-CC1-200,2010-12-21 09:47:16,2010-12-21
Niki,CC2009DEU-A-CC1-200,2011-09-02 10:16:10,2011-09-02
Niki,CC2009ITA-A-CC1-200,2012-12-26 15:10:13,2012-12-26
Niki,CC2009LUX-A-CC1-200,2011-01-14 09:04:41,2011-01-14
Niki,CC2009PRT-A-CC1-200,2011-01-14 09:06:01,2011-01-14
Niki,CC2009SVK-A-CC1-200,2010-12-21 09:47:21,2010-12-21
Niki,CC2009VAT-A-CC1-200,2011-06-13 12:57:57,2011-06-13
Niki,CC2009AUT-A-EMU-200,2011-04-08 14:31:44,2011-04-08
Niki,CC2009CYP-A-EMU-200,2010-12-21 09:47:25,2010-12-21
Niki,CC2009FIN-A-EMU-200,2011-01-14 09:04:01,2011-01-14
Niki,CC2009DEU-A-EMU-200,2011-04-08 14:29:17,2011-04-08
Niki,CC2009GRC-A-EMU-200,2012-12-26 15:09:05,2012-12-26
Niki,CC2009IRL-A-EMU-200,2011-10-18 13:43:48,2011-10-18
Niki,CC2009ITA-A-EMU-200,2012-12-26 15:08:39,2012-12-26
Niki,CC2009LUX-A-EMU-200,2011-01-14 09:04:18,2011-01-14
Niki,CC2009MLT-A-EMU-200,2010-12-21 09:47:29,2010-12-21
Niki,CC2009PRT-A-EMU-200,2011-01-14 09:05:54,2011-01-14
Niki,CC2009SVK-A-EMU-200,2013-07-23 21:18:52,2013-07-23
Niki,CC2009SVN-A-EMU-200,2010-12-21 09:47:36,2010-12-21
Niki,CC2010BEL-A-CC1-200,2011-05-03 09:53:19,2011-05-03
Niki,CC2010FIN-A-CC1-200,2011-03-31 09:19:39,2011-03-31
Niki,CC2010FRA-A-CC1-200,2011-05-17 11:04:10,2011-05-17
Niki,CC2010DEU-A-CC1-200,2011-10-10 08:58:54,2011-10-10
Niki,CC2010GRC-A-CC1-200,2011-05-16 13:34:45,2011-05-16
Niki,CC2010ITA-A-CC1-200,2012-12-26 15:09:28,2012-12-26
Niki,CC2010LUX-A-CC1-200,2010-12-21 09:47:39,2010-12-21
Niki,CC2010SVN-A-CC1-200,2010-12-21 09:47:44,2010-12-21
Niki,CC2010ESP-A-CC1-200,2012-02-22 12:35:54,2012-02-22
Niki,CC2011FRA-A-CC1-200,2012-12-03 15:04:54,2012-12-03
Niki,CC2011DEU-A-CC1-200,2012-04-09 11:50:30,2012-04-09
Niki,CC2011ITA-A-CC1-200,2012-12-26 15:09:43,2012-12-26
Niki,CC2011PRT-A-CC1-200,2017-03-22 13:13:57,2017-03-22
Niki,CC2011SVK-A-CC1-200,2011-05-03 09:53:15,2011-05-03
Niki,CC2011ESP-A-CC1-200,2012-02-22 12:36:02,2012-02-22
Niki,CC2012DEU-A-CC1-200,2013-06-04 14:12:58,2013-06-04
Niki,CC2012ESP-A-CC1-200,2012-02-22 12:36:06,2012-02-22
Niki,CC2012AUT-A-TYE-200,2012-12-26 15:09:14,2012-12-26
Niki,CC2012BEL-A-TYE-200,2016-01-19 08:50:59,2016-01-19
Niki,CC2012EST-A-TYE-200,2012-02-22 12:36:20,2012-02-22
Niki,CC2012FRA-A-TYE-200,2012-06-16 08:47:54,2012-06-16
Niki,CC2012DEU-A-TYE-200,2012-04-04 13:08:21,2012-04-04
Niki,CC2012GRC-A-TYE-200,2015-07-15 12:40:15,2015-07-15
Niki,CC2012IRL-A-TYE-200,2019-09-14 07:05:41,2019-09-14
Niki,CC2012ITA-A-TYE-200,2014-07-23 10:19:32,2014-07-23
Niki,CC2012ESP-A-TYE-200,2012-02-22 12:36:10,2012-02-22
Niki,CC2012FRA-A-CC1-200,2012-09-10 15:48:37,2012-09-10
Niki,CC2012ITA-A-CC1-200,2015-04-14 08:39:08,2015-04-14
Niki,CC2013FRA-A-CC1-200,2015-04-14 08:40:55,2015-04-14
Niki,CC2013DEU-A-CC1-200,2013-05-20 09:01:58,2013-05-20
Niki,CC2013ITA-A-CC1-200,2014-08-18 18:36:14,2014-08-18
Niki,CC2013NLD-A-CC1-200,2015-04-14 08:39:33,2015-04-14
Niki,CC2013DEU-A-CC2-200,2017-05-05 13:28:05,2017-05-05
Niki,CC2013MCO-A-CC1-200,2017-03-22 13:14:16,2017-03-22
Niki,CC2013ITA-A-CC2-200,2014-08-18 18:36:23,2014-08-18
Niki,RE2014LVA-A-RE1-002,2015-08-04 10:13:17,2015-08-04
Niki,RE2014LVA-A-RE1-010,2015-08-04 10:13:22,2015-08-04
Niki,RE2014LVA-A-RE1-020,2017-06-05 13:54:17,2017-06-05
Niki,RE2014LVA-A-RE1-100,2018-05-21 13:32:16,2018-05-21
Niki,CC2013NLD-A-CC2-200,2015-01-26 09:05:53,2015-01-26
Niki,CC2014FRA-A-CC1-200,2017-03-22 13:13:27,2017-03-22
Niki,CC2014DEU-A-CC1-200,2016-10-24 10:58:58,2016-10-24
Niki,CC2014ITA-A-CC1-200,2019-07-08 09:16:34,2019-07-08
Niki,CC2014ITA-A-CC2-200,2015-04-14 08:41:34,2015-04-14
Niki,RE2014NLD-A-RE2-005,2015-01-26 09:06:05,2015-01-26
Niki,RE2014NLD-A-RE2-010,2016-01-19 08:52:21,2016-01-19
Niki,RE2014NLD-A-RE2-020,2014-08-19 10:20:00,2014-08-19
Niki,RE2014NLD-A-RE2-200,2016-01-19 09:46:48,2016-01-19
Niki,RE2014BEL-A-RE3-005,2015-01-26 11:20:36,2015-01-26
Niki,CC2015DEU-A-CC1-200,2015-05-07 14:54:56,2015-05-07
Niki,CC2015ITA-A-CC1-200,2019-09-10 08:56:25,2019-09-10
Niki,CC2015ESP-A-CC1-200,2015-10-25 07:52:20,2015-10-25
Niki,CC2015DEU-A-CC2-200,2015-03-17 11:45:48,2015-03-17
Niki,CC2015DEU-A-EUF-200,2015-12-21 11:32:33,2015-12-21
Niki,CC2016AUT-A-CC1-200,2017-12-13 10:52:40,2017-12-13
Niki,CC2016DEU-A-CC1-200,2017-02-10 10:07:12,2017-02-10
Niki,CC2016LUX-A-CC1-200,2019-10-14 08:09:09,2019-10-14
Niki,RE2015ESP-A-RE3-100,2017-11-27 16:16:35,2017-11-27
Niki,CC2017GRC-A-CC1-200,2022-01-06 14:56:50,2022-01-06
Niki,CC2017FRA-A-CC2-200,2019-12-09 08:25:54,2019-12-09
Niki,CC2018DEU-A-CC1-200,2018-07-13 09:19:36,2018-07-13
Niki,CC2017CYP-A-CC1-200,2019-10-14 08:10:04,2019-10-14
Niki,CC2019DEU-A-CC2-200,2019-12-09 08:25:17,2019-12-09
Sofia,RE2002AUT-A-RE1-001,2010-11-04 12:53:54,2010-11-04
Sofia,RE2002AUT-A-RE1-002,2010-11-04 12:24:36,2010-11-04
Sofia,RE2002AUT-A-RE1-005,2010-11-04 12:50:16,2010-11-04
Sofia,RE2002AUT-A-RE1-010,2010-11-04 12:17:02,2010-11-04
Sofia,RE2002AUT-A-RE1-020,2010-11-04 12:34:36,2010-11-04
Sofia,RE2002AUT-A-RE1-050,2010-11-04 12:19:06,2010-11-04
Sofia,RE2002AUT-A-RE1-200,2010-11-04 12:01:56,2010-11-04
Sofia,RE1999BEL-A-RE1-001,2010-11-04 12:43:48,2010-11-04
Sofia,RE1999BEL-A-RE1-002,2010-11-04 13:27:48,2010-11-04
Sofia,RE1999BEL-A-RE1-005,2010-11-04 12:43:32,2010-11-04
Sofia,RE1999BEL-A-RE1-010,2010-11-04 13:07:24,2010-11-04
Sofia,RE1999BEL-A-RE1-020,2010-11-04 13:28:01,2010-11-04
Sofia,RE1999BEL-A-RE1-100,2010-11-04 12:13:07,2010-11-04
Sofia,RE2008CYP-A-RE1-100,2012-05-13 18:15:53,2012-05-13
Sofia,RE2008CYP-A-RE1-200,2010-11-04 12:20:03,2010-11-04
Sofia,RE1999FIN-A-RE1-200,2012-05-13 18:15:29,2012-05-13
Sofia,RE2007FIN-A-RE2-005,2010-11-04 12:40:45,2010-11-04
Sofia,RE1999FRA-A-RE1-001,2010-11-04 13:05:02,2010-11-04
Sofia,RE1999FRA-A-RE1-002,2010-11-04 13:29:44,2010-11-04
Sofia,RE1999FRA-A-RE1-005,2010-11-04 12:19:27,2010-11-04
Sofia,RE1999FRA-A-RE1-020,2010-11-04 13:32:37,2010-11-04
Sofia,RE1999FRA-A-RE1-050,2010-11-04 12:32:47,2010-11-04
Sofia,RE1999FRA-A-RE1-200,2010-11-04 12:16:32,2010-11-04
Sofia,RE1999DEU-A-RE1-001,2010-11-04 12:22:26,2010-11-04
Sofia,RE1999DEU-A-RE1-002,2010-11-04 12:22:46,2010-11-04
Sofia,RE1999DEU-A-RE1-005,2010-11-04 12:23:05,2010-11-04
Sofia,RE1999DEU-A-RE1-010,2010-11-04 12:23:25,2010-11-04
Sofia,RE1999DEU-A-RE1-020,2010-11-04 12:23:41,2010-11-04
Sofia,RE1999DEU-A-RE1-050,2012-05-13 18:20:26,2012-05-13
Sofia,RE1999DEU-A-RE1-100,2010-11-04 11:59:21,2010-11-04
Sofia,RE1999DEU-A-RE1-200,2012-05-13 18:44:24,2012-05-13
Sofia,RE2002GRC-A-RE1-001,2010-11-04 13:06:52,2010-11-04
Sofia,RE2002GRC-A-RE1-010,2012-05-13 18:40:10,2012-05-13
Sofia,RE2002GRC-A-RE1-020,2010-11-04 12:20:55,2010-11-04
Sofia,RE2002GRC-A-RE1-100,2010-11-04 13:35:51,2010-11-04
Sofia,RE2002GRC-A-RE1-200,2010-11-04 12:18:16,2010-11-04
Sofia,RE2002IRL-A-RE1-005,2010-11-04 12:38:53,2010-11-04
Sofia,RE2002IRL-A-RE1-010,2010-11-04 13:33:31,2010-11-04
Sofia,RE2002IRL-A-RE1-020,2012-05-13 18:29:46,2012-05-13
Sofia,RE1999ITA-A-RE1-001,2010-11-04 12:24:18,2010-11-04
Sofia,RE1999ITA-A-RE1-002,2010-11-04 12:39:16,2010-11-04
Sofia,RE1999ITA-A-RE1-005,2010-11-04 13:06:12,2010-11-04
Sofia,RE1999ITA-A-RE1-010,2010-11-04 13:07:49,2010-11-04
Sofia,RE1999ITA-A-RE1-020,2010-11-04 13:32:11,2010-11-04
Sofia,RE1999ITA-A-RE1-050,2010-11-04 12:33:02,2010-11-04
Sofia,RE1999ITA-A-RE1-100,2010-11-04 12:45:07,2010-11-04
Sofia,RE1999ITA-A-RE1-200,2010-11-04 12:01:34,2010-11-04
Sofia,RE2002LUX-A-RE1-001,2010-11-04 12:35:16,2010-11-04
Sofia,RE2002LUX-A-RE1-002,2010-11-04 13:25:31,2010-11-04
Sofia,RE2002LUX-A-RE1-010,2012-05-18 13:40:48,2012-05-18
Sofia,RE2002LUX-A-RE1-020,2010-11-04 12:21:36,2010-11-04
Sofia,RE2008MLT-A-RE1-050,2010-11-04 12:14:22,2010-11-04
Sofia,RE1999NLD-A-RE1-001,2010-11-04 12:49:45,2010-11-04
Sofia,RE1999NLD-A-RE1-002,2010-11-04 12:53:05,2010-11-04
Sofia,RE1999NLD-A-RE1-005,2010-11-04 12:43:21,2010-11-04
Sofia,RE1999NLD-A-RE1-010,2010-11-04 13:03:33,2010-11-04
Sofia,RE1999NLD-A-RE1-020,2010-11-04 13:03:52,2010-11-04
Sofia,RE1999NLD-A-RE1-200,2010-11-04 12:30:31,2010-11-04
Sofia,RE2002PRT-A-RE1-001,2010-11-04 13:04:13,2010-11-04
Sofia,RE2002PRT-A-RE1-005,2010-11-04 12:17:56,2010-11-04
Sofia,RE2002PRT-A-RE1-050,2010-11-04 12:11:23,2010-11-04
Sofia,RE2009SVK-A-RE1-001,2012-05-13 18:07:13,2012-05-13
Sofia,RE2009SVK-A-RE1-002,2012-05-13 18:06:31,2012-05-13
Sofia,RE2009SVK-A-RE1-005,2012-05-13 18:06:08,2012-05-13
Sofia,RE2009SVK-A-RE1-010,2012-05-13 18:05:28,2012-05-13
Sofia,RE2009SVK-A-RE1-020,2012-05-13 18:05:02,2012-05-13
Sofia,RE2009SVK-A-RE1-050,2012-05-13 18:04:24,2012-05-13
Sofia,RE2009SVK-A-RE1-100,2010-11-24 13:30:43,2010-11-24
Sofia,RE2009SVK-A-RE1-200,2012-05-13 18:02:45,2012-05-13
Sofia,RE2007SVN-A-RE1-200,2010-11-04 13:24:33,2010-11-04
Sofia,RE1999ESP-A-RE1-001,2010-11-04 12:52:48,2010-11-04
Sofia,RE1999ESP-A-RE1-002,2010-11-04 12:41:31,2010-11-04
Sofia,RE1999ESP-A-RE1-005,2010-11-04 12:42:57,2010-11-04
Sofia,RE1999ESP-A-RE1-010,2010-11-04 12:31:02,2010-11-04
Sofia,RE1999ESP-A-RE1-100,2010-11-04 12:12:41,2010-11-04
Sofia,CC2004GRC-A-CC1-200,2012-05-18 13:39:38,2012-05-18
Sofia,CC2006DEU-A-CC1-200,2010-11-04 12:15:38,2010-11-04
Sofia,CC2007DEU-A-CC1-200,2010-11-04 12:10:51,2010-11-04
Sofia,CC2007AUT-A-TOR-200,2010-11-04 12:16:11,2010-11-04
Sofia,CC2007DEU-A-TOR-200,2010-11-04 12:13:55,2010-11-04
Sofia,CC2008FRA-A-CC1-200,2010-11-24 13:34:23,2010-11-24
Sofia,CC2008DEU-A-CC1-200,2010-11-04 12:03:58,2010-11-04
Sofia,CC2009DEU-A-CC1-200,2010-11-04 12:03:01,2010-11-04
Sofia,CC2009DEU-A-EMU-200,2010-11-04 12:08:18,2010-11-04
Sofia,CC2010DEU-A-CC1-200,2012-05-13 18:25:40,2012-05-13
Sofia,CC2012DEU-A-CC1-200,2012-05-13 18:12:32,2012-05-13
Sofia,CC2012DEU-A-TYE-200,2012-05-13 18:15:08,2012-05-13
Tsetso,RE2002AUT-A-RE1-001,2011-09-15 15:30:03,2011-09-15
Tsetso,RE2002AUT-A-RE1-002,2011-11-09 09:26:51,2011-11-09
Tsetso,RE2002AUT-A-RE1-005,2011-09-12 14:44:15,2011-09-12
Tsetso,RE2002AUT-A-RE1-010,2011-09-14 17:05:40,2011-09-14
Tsetso,RE2002AUT-A-RE1-020,2012-04-19 23:09:52,2012-04-19
Tsetso,RE2002AUT-A-RE1-050,2012-04-22 22:30:48,2012-04-22
Tsetso,RE2002AUT-A-RE1-100,2012-01-16 09:58:41,2012-01-16
Tsetso,RE2002AUT-A-RE1-200,2011-09-11 21:50:59,2011-09-11
Tsetso,RE1999BEL-A-RE1-001,2012-05-13 22:58:33,2012-05-13
Tsetso,RE1999BEL-A-RE1-002,2012-05-13 23:01:32,2012-05-13
Tsetso,RE1999BEL-A-RE1-005,2012-05-13 23:03:06,2012-05-13
Tsetso,RE1999BEL-A-RE1-010,2011-09-14 17:04:56,2011-09-14
Tsetso,RE1999BEL-A-RE1-020,2012-01-16 10:02:27,2012-01-16
Tsetso,RE1999BEL-A-RE1-050,2011-11-01 21:14:26,2011-11-01
Tsetso,RE1999BEL-A-RE1-100,2011-09-12 14:45:19,2011-09-12
Tsetso,RE1999BEL-A-RE1-200,2012-01-16 09:59:30,2012-01-16
Tsetso,RE2008BEL-A-RE2-001,2012-05-13 22:58:42,2012-05-13
Tsetso,RE2008BEL-A-RE2-002,2012-05-13 23:01:37,2012-05-13
Tsetso,RE2008BEL-A-RE2-005,2012-05-13 23:03:13,2012-05-13
Tsetso,RE2008BEL-A-RE2-010,2012-04-22 22:32:59,2012-04-22
Tsetso,RE2008BEL-A-RE2-020,2012-04-22 22:32:31,2012-04-22
Tsetso,RE2008BEL-A-RE2-050,2014-06-06 11:11:37,2014-06-06
Tsetso,RE2008BEL-A-RE2-200,2011-11-09 09:26:35,2011-11-09
Tsetso,RE2008CYP-A-RE1-010,2013-06-03 00:19:21,2013-06-03
Tsetso,RE2008CYP-A-RE1-020,2013-06-03 00:19:34,2013-06-03
Tsetso,RE2008CYP-A-RE1-050,2012-11-12 21:46:00,2012-11-12
Tsetso,RE2008CYP-A-RE1-200,2013-06-30 21:09:36,2013-06-30
Tsetso,RE1999FIN-A-RE1-005,2012-05-13 23:03:40,2012-05-13
Tsetso,RE1999FIN-A-RE1-020,2012-05-13 23:05:43,2012-05-13
Tsetso,RE1999FIN-A-RE1-050,2011-08-18 10:29:51,2011-08-18
Tsetso,RE1999FIN-A-RE1-100,2012-07-14 15:24:27,2012-07-14
Tsetso,RE1999FIN-A-RE1-200,2014-05-09 22:55:06,2014-05-09
Tsetso,RE2007FIN-A-RE2-020,2012-05-13 23:05:50,2012-05-13
Tsetso,RE2007FIN-A-RE2-050,2012-04-22 22:35:31,2012-04-22
Tsetso,RE2007FIN-A-RE2-200,2011-09-11 21:46:23,2011-09-11
Tsetso,RE1999FRA-A-RE1-001,2012-05-13 22:58:58,2012-05-13
Tsetso,RE1999FRA-A-RE1-002,2012-05-13 23:01:52,2012-05-13
Tsetso,RE1999FRA-A-RE1-005,2011-09-15 15:41:00,2011-09-15
Tsetso,RE1999FRA-A-RE1-010,2011-08-18 10:34:13,2011-08-18
Tsetso,RE1999FRA-A-RE1-020,2011-09-11 22:26:16,2011-09-11
Tsetso,RE1999FRA-A-RE1-050,2011-09-11 22:25:13,2011-09-11
Tsetso,RE1999FRA-A-RE1-100,2011-09-13 13:25:21,2011-09-13
Tsetso,RE1999FRA-A-RE1-200,2011-09-11 21:48:59,2011-09-11
Tsetso,RE1999DEU-A-RE1-001,2011-08-18 10:35:02,2011-08-18
Tsetso,RE1999DEU-A-RE1-002,2011-08-18 10:34:43,2011-08-18
Tsetso,RE1999DEU-A-RE1-005,2011-08-18 10:32:31,2011-08-18
Tsetso,RE1999DEU-A-RE1-010,2011-09-11 22:27:31,2011-09-11
Tsetso,RE1999DEU-A-RE1-020,2011-08-18 10:31:14,2011-08-18
Tsetso,RE1999DEU-A-RE1-050,2011-09-12 14:44:56,2011-09-12
Tsetso,RE1999DEU-A-RE1-100,2011-08-18 10:37:15,2011-08-18
Tsetso,RE1999DEU-A-RE1-200,2011-09-11 21:52:49,2011-09-11
Tsetso,RE2002GRC-A-RE1-002,2013-06-03 00:17:54,2013-06-03
Tsetso,RE2002GRC-A-RE1-005,2012-10-28 19:22:18,2012-10-28
Tsetso,RE2002GRC-A-RE1-010,2012-05-13 23:04:56,2012-05-13
Tsetso,RE2002GRC-A-RE1-020,2011-11-04 14:44:55,2011-11-04
Tsetso,RE2002GRC-A-RE1-050,2013-06-03 00:16:03,2013-06-03
Tsetso,RE2002GRC-A-RE1-100,2012-04-27 20:23:39,2012-04-27
Tsetso,RE2002GRC-A-RE1-200,2012-10-13 10:40:53,2012-10-13
Tsetso,RE2002IRL-A-RE1-005,2011-09-15 15:29:46,2011-09-15
Tsetso,RE2002IRL-A-RE1-010,2012-05-13 23:04:35,2012-05-13
Tsetso,RE2002IRL-A-RE1-020,2012-03-19 21:53:32,2012-03-19
Tsetso,RE2002IRL-A-RE1-050,2012-05-18 17:11:08,2012-05-18
Tsetso,RE2002IRL-A-RE1-100,2012-04-21 19:33:08,2012-04-21
Tsetso,RE2002IRL-A-RE1-200,2012-04-24 00:15:13,2012-04-24
Tsetso,RE1999ITA-A-RE1-001,2012-05-13 23:01:10,2012-05-13
Tsetso,RE1999ITA-A-RE1-002,2013-06-03 00:17:24,2013-06-03
Tsetso,RE1999ITA-A-RE1-005,2011-08-18 10:32:51,2011-08-18
Tsetso,RE1999ITA-A-RE1-010,2011-09-14 17:04:34,2011-09-14
Tsetso,RE1999ITA-A-RE1-020,2011-08-18 10:31:43,2011-08-18
Tsetso,RE1999ITA-A-RE1-050,2011-08-18 10:29:23,2011-08-18
Tsetso,RE1999ITA-A-RE1-100,2011-08-18 10:30:40,2011-08-18
Tsetso,RE1999ITA-A-RE1-200,2011-09-11 21:48:18,2011-09-11
Tsetso,RE2002LUX-A-RE1-002,2013-11-16 15:06:35,2013-11-16
Tsetso,RE2002LUX-A-RE1-005,2012-01-16 10:00:52,2012-01-16
Tsetso,RE2002LUX-A-RE1-010,2012-05-13 23:04:45,2012-05-13
Tsetso,RE2002LUX-A-RE1-020,2012-04-19 23:14:48,2012-04-19
Tsetso,RE2002LUX-A-RE1-050,2015-04-27 18:12:26,2015-04-27
Tsetso,RE2002LUX-A-RE1-100,2012-04-07 10:41:41,2012-04-07
Tsetso,RE2002LUX-A-RE1-200,2012-08-01 14:58:24,2012-08-01
Tsetso,RE2008MLT-A-RE1-010,2016-02-15 10:06:15,2016-02-15
Tsetso,RE2008MLT-A-RE1-200,2014-03-10 10:54:17,2014-03-10
Tsetso,RE1999NLD-A-RE1-001,2012-05-13 23:02:40,2012-05-13
Tsetso,RE1999NLD-A-RE1-002,2012-05-13 23:02:13,2012-05-13
Tsetso,RE1999NLD-A-RE1-005,2012-05-13 23:03:28,2012-05-13
Tsetso,RE1999NLD-A-RE1-010,2011-11-01 21:12:10,2011-11-01
Tsetso,RE1999NLD-A-RE1-020,2012-04-22 22:33:28,2012-04-22
Tsetso,RE1999NLD-A-RE1-050,2012-04-22 22:36:02,2012-04-22
Tsetso,RE1999NLD-A-RE1-100,2012-11-12 21:44:07,2012-11-12
Tsetso,RE1999NLD-A-RE1-200,2011-08-18 10:27:45,2011-08-18
Tsetso,RE2002PRT-A-RE1-001,2012-05-13 23:01:04,2012-05-13
Tsetso,RE2002PRT-A-RE1-005,2012-03-18 20:26:43,2012-03-18
Tsetso,RE2002PRT-A-RE1-010,2012-05-13 23:05:06,2012-05-13
Tsetso,RE2002PRT-A-RE1-020,2012-05-13 23:06:05,2012-05-13
Tsetso,RE2002PRT-A-RE1-050,2012-07-26 09:38:35,2012-07-26
Tsetso,RE2002PRT-A-RE1-100,2012-07-01 20:35:20,2012-07-01
Tsetso,RE2002PRT-A-RE1-200,2012-04-22 11:52:30,2012-04-22
Tsetso,RE2009SVK-A-RE1-010,2017-05-28 21:21:52,2017-05-28
Tsetso,RE2009SVK-A-RE1-050,2013-06-03 00:20:09,2013-06-03
Tsetso,RE2009SVK-A-RE1-100,2015-04-06 22:39:34,2015-04-06
Tsetso,RE2009SVK-A-RE1-200,2012-06-14 14:32:38,2012-06-14
Tsetso,RE2007SVN-A-RE1-001,2011-11-01 21:15:44,2011-11-01
Tsetso,RE2007SVN-A-RE1-005,2011-09-15 15:39:42,2011-09-15
Tsetso,RE2007SVN-A-RE1-050,2013-06-03 00:16:42,2013-06-03
Tsetso,RE2007SVN-A-RE1-100,2016-02-15 10:05:47,2016-02-15
Tsetso,RE1999ESP-A-RE1-001,2012-05-25 11:55:27,2012-05-25
Tsetso,RE1999ESP-A-RE1-002,2012-05-13 23:02:01,2012-05-13
Tsetso,RE1999ESP-A-RE1-005,2011-09-15 15:29:26,2011-09-15
Tsetso,RE1999ESP-A-RE1-010,2012-04-22 22:36:48,2012-04-22
Tsetso,RE1999ESP-A-RE1-020,2012-04-22 22:34:07,2012-04-22
Tsetso,RE1999ESP-A-RE1-050,2011-11-01 21:14:44,2011-11-01
Tsetso,RE1999ESP-A-RE1-100,2012-01-16 09:58:54,2012-01-16
Tsetso,RE1999ESP-A-RE1-200,2011-11-04 14:43:06,2011-11-04
Tsetso,RE2014ESP-A-RE2-001,2012-05-13 23:01:20,2012-05-13
Tsetso,RE2014ESP-A-RE2-005,2013-06-03 00:18:48,2013-06-03
Tsetso,RE2006VAT-A-RE3-050,2015-08-04 22:00:16,2015-08-04
Tsetso,CC2004GRC-A-CC1-200,2014-04-07 09:07:19,2014-04-07
Tsetso,CC2004ITA-A-CC1-200,2016-02-15 10:06:46,2016-02-15
Tsetso,CC2006BEL-A-CC1-200,2014-06-02 11:05:45,2014-06-02
Tsetso,CC2006DEU-A-CC1-200,2012-06-25 14:50:22,2012-06-25
Tsetso,CC2006ITA-A-CC1-200,2012-09-23 11:39:35,2012-09-23
Tsetso,CC2007DEU-A-CC1-200,2011-11-03 14:25:25,2011-11-03
Tsetso,CC2007AUT-A-TOR-200,2012-06-14 14:33:08,2012-06-14
Tsetso,CC2007BEL-A-TOR-200,2017-07-22 17:05:24,2017-07-22
Tsetso,CC2007DEU-A-TOR-200,2012-08-01 15:11:23,2012-08-01
Tsetso,CC2007ITA-A-TOR-200,2015-02-12 08:36:16,2015-02-12
Tsetso,CC2007NLD-A-TOR-200,2016-03-10 13:01:06,2016-03-10
Tsetso,CC2007ESP-A-TOR-200,2012-08-12 18:59:40,2012-08-12
Tsetso,CC2008FRA-A-CC1-200,2015-04-02 21:46:40,2015-04-02
Tsetso,CC2008DEU-A-CC1-200,2012-09-02 13:52:48,2012-09-02
Tsetso,CC2009BEL-A-CC1-200,2020-03-01 12:27:13,2020-03-01
Tsetso,CC2009DEU-A-CC1-200,2011-09-15 15:33:47,2011-09-15
Tsetso,CC2009AUT-A-EMU-200,2012-08-01 14:58:44,2012-08-01
Tsetso,CC2009BEL-A-EMU-200,2019-05-06 20:41:51,2019-05-06
Tsetso,CC2009FRA-A-EMU-200,2015-04-16 11:01:58,2015-04-16
Tsetso,CC2009DEU-A-EMU-200,2012-11-06 11:19:27,2012-11-06
Tsetso,CC2009GRC-A-EMU-200,2012-03-06 13:10:20,2012-03-06
Tsetso,CC2009LUX-A-EMU-200,2016-01-15 13:05:35,2016-01-15
Tsetso,CC2009NLD-A-EMU-200,2013-05-31 20:47:02,2013-05-31
Tsetso,CC2010BEL-A-CC1-200,2013-05-26 11:30:50,2013-05-26
Tsetso,CC2010DEU-A-CC1-200,2012-04-27 20:23:07,2012-04-27
Tsetso,CC2011FRA-A-CC1-200,2015-12-13 10:47:17,2015-12-13
Tsetso,CC2011DEU-A-CC1-200,2011-09-11 21:50:05,2011-09-11
Tsetso,CC2011SVN-A-CC1-200,2012-04-26 19:45:52,2012-04-26
Tsetso,CC2012DEU-A-CC1-200,2012-10-20 23:50:10,2012-10-20
Tsetso,CC2012AUT-A-TYE-200,2014-06-14 12:30:45,2014-06-14
Tsetso,CC2012BEL-A-TYE-200,2012-05-13 22:56:22,2012-05-13
Tsetso,CC2012FIN-A-TYE-200,2014-04-23 11:00:42,2014-04-23
Tsetso,CC2012FRA-A-TYE-200,2013-11-04 21:26:25,2013-11-04
Tsetso,CC2012DEU-A-TYE-200,2012-07-19 16:01:27,2012-07-19
Tsetso,CC2012NLD-A-TYE-200,2015-04-22 08:40:13,2015-04-22
Tsetso,CC2012SVK-A-TYE-200,2018-04-23 00:20:13,2018-04-23
Tsetso,CC2013FRA-A-CC1-200,2016-07-26 12:32:06,2016-07-26
Tsetso,CC2013DEU-A-CC1-200,2013-06-03 00:21:47,2013-06-03
Tsetso,CC2013DEU-A-CC2-200,2013-05-26 11:31:17,2013-05-26
Tsetso,RE2014LVA-A-RE1-100,2016-02-15 10:05:19,2016-02-15
Tsetso,CC2013NLD-A-CC2-200,2015-05-16 11:20:10,2015-05-16
Tsetso,CC2014DEU-A-CC1-200,2014-09-01 12:58:00,2014-09-01
Tsetso,RE2014NLD-A-RE2-050,2014-09-01 12:56:18,2014-09-01
Tsetso,RE2014NLD-A-RE2-200,2016-09-08 09:07:39,2016-09-08
Tsetso,CC2014ESP-A-CC2-200,2015-11-20 10:15:10,2015-11-20
Tsetso,RE2015LTU-A-RE1-020,2020-05-29 19:29:34,2020-05-29
Tsetso,RE2015LTU-A-RE1-200,2015-10-11 03:10:55,2015-10-11
Tsetso,CC2015DEU-A-CC1-200,2015-04-06 22:28:33,2015-04-06
Tsetso,CC2015DEU-A-CC2-200,2015-04-02 21:45:51,2015-04-02
Tsetso,CC2015DEU-A-EUF-200,2015-12-31 23:01:55,2015-12-31
Tsetso,CC2015LTU-A-EUF-200,2018-11-24 15:54:04,2018-11-24
Tsetso,CC2016DEU-A-CC1-200,2016-06-07 07:43:57,2016-06-07
Tsetso,CC2016IRL-A-CC1-200,2018-10-20 18:59:47,2018-10-20
Tsetso,CC2017DEU-A-CC1-200,2017-03-13 21:46:34,2017-03-13
Tsetso,RE2015ESP-A-RE3-100,2018-05-07 12:35:15,2018-05-07
Tsetso,CC2018DEU-A-CC1-200,2018-07-02 00:17:45,2018-07-02
Tsetso,CC2018DEU-A-CC2-200,2018-02-21 16:53:22,2018-02-21
Tsetso,CC2018FRA-A-CC2-200,2020-01-09 17:23:05,2020-01-09
Tsetso,CC2019DEU-A-CC2-200,2019-12-21 15:02:47,2019-12-21
Drago,CC2022GRC-A-ERA-200,2024-07-14 14:09:44,2024-07-14
Niki,RE2023HRV-A-RE1-020,2024-07-15 08:37:10,2024-07-15
Niki,CC2017DEU-A-CC1-200,2024-07-15 08:38:23,2024-07-15
Niki,CC2022DEU-A-CC1-200,2024-07-15 08:38:44,2024-07-15
Niki,CC2023DEU-A-CC2-200,2024-07-15 08:38:58,2024-07-15
Niki,CC2012BEL-A-CC1-200,2024-07-15 08:48:58,2024-07-15
Marina,CC2013DEU-A-CC2-200,2024-09-09 22:35:10,2024-09-09
Marina,CC2023ITA-A-CC2-200,2024-09-09 22:38:14,2024-09-09
Marina,CC2023FRA-A-CC1-200,2024-09-09 22:38:51,2024-09-09
Marina,CC2022GRC-A-CC1-200,2024-09-09 22:39:24,2024-09-09
Marina,RE2023HRV-A-RE1-001,2024-09-10 06:35:08,2024-09-10
Marina,RE2023HRV-A-RE1-002,2024-09-10 06:35:11,2024-09-10
Marina,RE2023HRV-A-RE1-005,2024-09-10 06:35:13,2024-09-10
Marina,RE2023HRV-A-RE1-010,2024-09-10 06:35:16,2024-09-10
Marina,RE2023HRV-A-RE1-020,2024-09-10 06:35:19,2024-09-10
Marina,RE2023HRV-A-RE1-050,2024-09-10 06:35:21,2024-09-10
Marina,RE2023HRV-A-RE1-100,2024-09-10 06:35:25,2024-09-10
Marina,RE2023HRV-A-RE1-200,2024-09-10 06:35:27,2024-09-10
Lili,CC2015ESP-A-CC1-200,2025-04-18 20:12:32,2025-04-18
Lili,CC2011ESP-A-CC1-200,2025-04-18 20:13:29,2025-04-18
Lili,RE2023HRV-A-RE1-050,2025-04-18 20:16:10,2025-04-18
Marina,RE2022FRA-A-RE2-200,2025-05-22 12:25:53,2025-05-22
Joro,RE2008CYP-A-RE1-100,2025-06-03 18:54:55,
